-- phpMyAdmin SQL Dump
-- version 5.2.0
-- https://www.phpmyadmin.net/
--
-- Host: 127.0.0.1:3306
-- Tempo de geração: 17-Fev-2024 às 18:06
-- Versão do servidor: 8.0.31
-- versão do PHP: 8.0.26

SET SQL_MODE = "NO_AUTO_VALUE_ON_ZERO";
START TRANSACTION;
SET time_zone = "+00:00";


/*!40101 SET @OLD_CHARACTER_SET_CLIENT=@@CHARACTER_SET_CLIENT */;
/*!40101 SET @OLD_CHARACTER_SET_RESULTS=@@CHARACTER_SET_RESULTS */;
/*!40101 SET @OLD_COLLATION_CONNECTION=@@COLLATION_CONNECTION */;
/*!40101 SET NAMES utf8mb4 */;

--
-- Banco de dados: `kwservice`
--

-- --------------------------------------------------------

--
-- Estrutura da tabela `adms_access_levels`
--

DROP TABLE IF EXISTS `adms_access_levels`;
CREATE TABLE IF NOT EXISTS `adms_access_levels` (
  `id` int NOT NULL AUTO_INCREMENT,
  `name` varchar(45) COLLATE utf8mb4_general_ci NOT NULL,
  `order_level` int NOT NULL,
  `created` datetime NOT NULL,
  `modified` datetime DEFAULT NULL,
  PRIMARY KEY (`id`)
) ENGINE=InnoDB AUTO_INCREMENT=9 DEFAULT CHARSET=utf8mb4 COLLATE=utf8mb4_general_ci;

--
-- Extraindo dados da tabela `adms_access_levels`
--

INSERT INTO `adms_access_levels` (`id`, `name`, `order_level`, `created`, `modified`) VALUES
(1, 'Super_Administrador', 1, '2024-01-04 05:06:00', NULL),
(2, 'Adminstrador', 3, '2024-01-04 02:08:14', '2024-02-01 00:47:28'),
(3, 'Financeiro', 4, '2024-01-04 14:31:20', '2024-02-01 00:47:25'),
(4, 'Cliente', 6, '2024-01-04 18:27:07', '2024-02-01 00:47:20'),
(5, 'Lead', 7, '2024-01-04 21:53:30', '2024-02-01 00:47:18'),
(6, 'Recursos Humanos', 5, '2024-01-04 23:23:10', '2024-02-01 00:47:23'),
(7, 'Default', 2, '2024-01-31 23:53:20', '2024-02-01 00:47:28');

-- --------------------------------------------------------

--
-- Estrutura da tabela `adms_color`
--

DROP TABLE IF EXISTS `adms_color`;
CREATE TABLE IF NOT EXISTS `adms_color` (
  `id` int NOT NULL AUTO_INCREMENT,
  `name` varchar(44) COLLATE utf8mb4_general_ci NOT NULL,
  `color` varchar(44) COLLATE utf8mb4_general_ci NOT NULL,
  `created` datetime NOT NULL,
  `modified` datetime DEFAULT NULL,
  PRIMARY KEY (`id`)
) ENGINE=InnoDB AUTO_INCREMENT=8 DEFAULT CHARSET=utf8mb4 COLLATE=utf8mb4_general_ci;

--
-- Extraindo dados da tabela `adms_color`
--

INSERT INTO `adms_color` (`id`, `name`, `color`, `created`, `modified`) VALUES
(1, 'azul', '#0275d8', '2023-11-24 23:29:31', '2023-12-24 01:19:21'),
(2, 'cinza', '#868e95', '2023-11-24 20:30:16', '2023-12-28 17:02:02'),
(3, 'verde', '#005511', '2023-11-24 20:30:16', '2023-12-24 01:21:34'),
(4, 'vermelho', '#ff0800', '2023-11-24 20:34:59', '2023-12-24 01:24:00'),
(5, 'laranjado', '#ff8c00', '2023-11-24 20:36:20', '2023-12-24 01:24:00'),
(6, 'azul_claro', '#0095ff', '2023-12-28 18:16:04', NULL),
(7, 'cinza claro', '#343e40', '2023-11-24 20:37:47', '2023-12-04 01:24:26');

-- --------------------------------------------------------

--
-- Estrutura da tabela `adms_confs_emails`
--

DROP TABLE IF EXISTS `adms_confs_emails`;
CREATE TABLE IF NOT EXISTS `adms_confs_emails` (
  `id` int NOT NULL AUTO_INCREMENT,
  `title` varchar(220) COLLATE utf8mb4_general_ci NOT NULL,
  `name` varchar(220) COLLATE utf8mb4_general_ci NOT NULL,
  `email` varchar(220) COLLATE utf8mb4_general_ci NOT NULL,
  `host` varchar(220) COLLATE utf8mb4_general_ci NOT NULL,
  `username` varchar(220) COLLATE utf8mb4_general_ci NOT NULL,
  `password` varchar(220) COLLATE utf8mb4_general_ci NOT NULL,
  `smtpsecure` varchar(220) COLLATE utf8mb4_general_ci NOT NULL,
  `port` int NOT NULL,
  `created` datetime NOT NULL,
  `modified` datetime DEFAULT NULL,
  PRIMARY KEY (`id`)
) ENGINE=InnoDB AUTO_INCREMENT=6 DEFAULT CHARSET=utf8mb4 COLLATE=utf8mb4_general_ci;

--
-- Extraindo dados da tabela `adms_confs_emails`
--

INSERT INTO `adms_confs_emails` (`id`, `title`, `name`, `email`, `host`, `username`, `password`, `smtpsecure`, `port`, `created`, `modified`) VALUES
(1, 'Atendimento', 'Atendimento_KWService', 'contato@kwservice.com', 'sandbox.smtp.mailtrap.io', '6273590e490855', 'c301eafa7f21ad', 'PHPMailer::ENCRYPTION_STARTTLS', 587, '2023-11-20 22:26:44', NULL),
(2, 'Suporte', 'Suporte_KWService', 'suporte@kwservice.com', 'sandbox.smtp.mailtrap.io', '6273590e490855', 'c301eafa7f21ad', 'PHPMailer::ENCRYPTION_STARTTLS', 587, '2023-11-20 22:51:28', NULL);

-- --------------------------------------------------------

--
-- Estrutura da tabela `adms_groups_pgs`
--

DROP TABLE IF EXISTS `adms_groups_pgs`;
CREATE TABLE IF NOT EXISTS `adms_groups_pgs` (
  `id` int NOT NULL AUTO_INCREMENT,
  `name` varchar(220) CHARACTER SET utf8mb4 COLLATE utf8mb4_0900_ai_ci NOT NULL,
  `order_group_pg` int NOT NULL,
  `created` datetime NOT NULL,
  `modified` datetime DEFAULT NULL,
  PRIMARY KEY (`id`)
) ENGINE=InnoDB AUTO_INCREMENT=10 DEFAULT CHARSET=utf8mb4 COLLATE=utf8mb4_general_ci;

--
-- Extraindo dados da tabela `adms_groups_pgs`
--

INSERT INTO `adms_groups_pgs` (`id`, `name`, `order_group_pg`, `created`, `modified`) VALUES
(1, 'Listar', 1, '2024-01-07 01:23:29', '2024-01-11 01:10:39'),
(2, 'Visualizar', 2, '2024-01-07 01:23:29', '2024-01-11 01:10:39'),
(3, 'Cadastrar', 3, '2024-01-07 01:23:29', NULL),
(4, 'Editar', 4, '2024-01-07 01:23:29', NULL),
(5, 'Apagar', 5, '2024-01-07 01:23:29', NULL),
(6, 'Alterar Ordem', 6, '2024-01-07 01:23:29', NULL),
(7, 'Acesso', 7, '2024-01-07 01:23:29', NULL),
(8, 'Outros', 8, '2024-01-07 01:23:29', NULL),
(9, 'Gerar PDF', 9, '2024-02-03 00:04:04', NULL);

-- --------------------------------------------------------

--
-- Estrutura da tabela `adms_items_menus`
--

DROP TABLE IF EXISTS `adms_items_menus`;
CREATE TABLE IF NOT EXISTS `adms_items_menus` (
  `id` int NOT NULL AUTO_INCREMENT,
  `name` varchar(220) COLLATE utf8mb4_general_ci NOT NULL,
  `icon` varchar(45) COLLATE utf8mb4_general_ci NOT NULL,
  `order_item_menu` int NOT NULL,
  `created` datetime DEFAULT NULL,
  `modified` datetime DEFAULT NULL,
  PRIMARY KEY (`id`)
) ENGINE=InnoDB AUTO_INCREMENT=18 DEFAULT CHARSET=utf8mb4 COLLATE=utf8mb4_general_ci;

--
-- Extraindo dados da tabela `adms_items_menus`
--

INSERT INTO `adms_items_menus` (`id`, `name`, `icon`, `order_item_menu`, `created`, `modified`) VALUES
(1, 'Default', 'fa-solid fa-arrows-rotate', 1, '2024-01-27 15:26:13', '2024-01-31 21:10:49'),
(2, 'Dashboard', 'fa-solid fa-house', 2, '2024-01-27 15:26:13', '2024-01-31 21:10:52'),
(3, 'Usuário', 'fa-solid fa-user', 3, '2024-01-27 15:28:04', '2024-01-31 21:10:54'),
(4, 'Configurações', 'fa-solid fa-gears', 4, '2024-01-27 15:28:45', '2024-01-31 21:10:57'),
(5, 'Perfil', 'fa-solid fa-user', 5, '2024-01-27 15:29:37', '2024-01-31 21:11:00'),
(6, 'Sair', 'fa-solid fa-right-from-bracket', 8, '2024-01-27 15:30:18', '2024-02-02 01:20:14'),
(7, 'Páginas', 'fa-solid fa-file', 6, '2024-01-30 23:13:59', '2024-01-31 21:11:03'),
(17, 'Complemento', 'fa-solid fa-boxes-packing', 7, '2024-02-02 01:00:25', '2024-02-02 01:20:14');

-- --------------------------------------------------------

--
-- Estrutura da tabela `adms_levels_forms`
--

DROP TABLE IF EXISTS `adms_levels_forms`;
CREATE TABLE IF NOT EXISTS `adms_levels_forms` (
  `id` int NOT NULL AUTO_INCREMENT,
  `adms_access_level_id` int NOT NULL,
  `adms_sits_user_id` int NOT NULL,
  `created` datetime NOT NULL,
  `modified` datetime DEFAULT NULL,
  PRIMARY KEY (`id`),
  KEY `adms_access_level_id` (`adms_access_level_id`),
  KEY `adms_sits_user_id` (`adms_sits_user_id`)
) ENGINE=InnoDB AUTO_INCREMENT=3 DEFAULT CHARSET=utf8mb4 COLLATE=utf8mb4_general_ci;

--
-- Extraindo dados da tabela `adms_levels_forms`
--

INSERT INTO `adms_levels_forms` (`id`, `adms_access_level_id`, `adms_sits_user_id`, `created`, `modified`) VALUES
(1, 5, 1, '2024-01-25 02:40:18', '2024-01-27 00:32:48');

-- --------------------------------------------------------

--
-- Estrutura da tabela `adms_levels_pages`
--

DROP TABLE IF EXISTS `adms_levels_pages`;
CREATE TABLE IF NOT EXISTS `adms_levels_pages` (
  `id` int NOT NULL AUTO_INCREMENT,
  `permission` int NOT NULL DEFAULT '2',
  `order_level_page` int NOT NULL,
  `print_menu` int NOT NULL DEFAULT '2',
  `dropdown` int NOT NULL DEFAULT '2' COMMENT '1- Menu Dropdown 2- Menu não Dropdown',
  `adms_access_level_id` int NOT NULL,
  `adms_page_id` int NOT NULL,
  `adms_items_menu_id` int NOT NULL DEFAULT '1',
  `created` datetime NOT NULL,
  `modified` datetime DEFAULT NULL,
  PRIMARY KEY (`id`),
  KEY `adms_levels_pages_ibfk_2` (`adms_page_id`),
  KEY `adms_items_menu_id` (`adms_items_menu_id`),
  KEY `adms_levels_pages_ibfk_1` (`adms_access_level_id`)
) ENGINE=InnoDB AUTO_INCREMENT=698 DEFAULT CHARSET=utf8mb4 COLLATE=utf8mb4_general_ci;

--
-- Extraindo dados da tabela `adms_levels_pages`
--

INSERT INTO `adms_levels_pages` (`id`, `permission`, `order_level_page`, `print_menu`, `dropdown`, `adms_access_level_id`, `adms_page_id`, `adms_items_menu_id`, `created`, `modified`) VALUES
(1, 1, 1, 1, 2, 4, 1, 2, '2024-01-14 00:25:42', '2024-01-23 11:36:22'),
(2, 2, 2, 1, 1, 4, 46, 3, '2024-01-14 00:25:42', '2024-01-17 01:34:10'),
(3, 2, 3, 2, 1, 4, 39, 4, '2024-01-14 00:31:11', '2024-01-17 01:34:13'),
(4, 1, 1, 1, 2, 1, 1, 2, '2024-01-15 23:35:53', '2024-01-31 22:56:31'),
(5, 1, 1, 1, 2, 2, 1, 2, '2024-01-15 23:36:25', NULL),
(6, 1, 2, 2, 1, 1, 3, 3, '2024-01-16 02:09:02', NULL),
(7, 1, 3, 2, 1, 1, 4, 4, '2024-01-16 02:09:03', NULL),
(8, 1, 4, 2, 1, 1, 5, 4, '2024-01-16 02:09:03', NULL),
(9, 1, 5, 2, 1, 1, 6, 7, '2024-01-16 02:09:03', NULL),
(10, 1, 6, 2, 1, 1, 7, 7, '2024-01-16 02:09:03', NULL),
(11, 1, 7, 2, 1, 1, 8, 7, '2024-01-16 02:09:03', NULL),
(12, 1, 8, 2, 1, 1, 9, 3, '2024-01-16 02:09:03', NULL),
(13, 1, 9, 2, 1, 1, 10, 7, '2024-01-16 02:09:03', NULL),
(14, 1, 10, 2, 1, 1, 11, 4, '2024-01-16 02:09:03', '2024-01-31 20:54:03'),
(15, 1, 11, 2, 1, 1, 12, 3, '2024-01-16 02:09:03', '2024-01-31 20:47:08'),
(16, 1, 12, 2, 1, 1, 13, 3, '2024-01-16 02:09:03', NULL),
(17, 1, 13, 2, 1, 1, 14, 4, '2024-01-16 02:09:04', NULL),
(18, 1, 14, 2, 1, 1, 15, 4, '2024-01-16 02:09:04', NULL),
(19, 1, 15, 2, 1, 1, 16, 7, '2024-01-16 02:09:04', NULL),
(20, 1, 16, 2, 1, 1, 17, 7, '2024-01-16 02:09:04', NULL),
(21, 1, 17, 2, 1, 1, 18, 7, '2024-01-16 02:09:04', NULL),
(22, 1, 18, 2, 1, 1, 19, 3, '2024-01-16 02:09:04', NULL),
(23, 1, 19, 2, 1, 1, 20, 7, '2024-01-16 02:09:04', NULL),
(24, 1, 20, 2, 1, 1, 21, 3, '2024-01-16 02:09:04', NULL),
(25, 1, 21, 2, 1, 1, 22, 3, '2024-01-16 02:09:04', NULL),
(26, 1, 22, 2, 1, 1, 23, 4, '2024-01-16 02:09:04', NULL),
(27, 1, 23, 2, 1, 1, 24, 4, '2024-01-16 02:09:04', NULL),
(28, 1, 24, 2, 1, 1, 25, 4, '2024-01-16 02:09:05', '2024-01-31 20:51:12'),
(29, 1, 25, 2, 1, 1, 26, 7, '2024-01-16 02:09:05', NULL),
(30, 1, 26, 2, 1, 1, 27, 7, '2024-01-16 02:09:05', NULL),
(31, 1, 27, 2, 1, 1, 28, 3, '2024-01-16 02:09:05', '2024-01-31 20:50:26'),
(32, 1, 28, 2, 1, 1, 29, 3, '2024-01-16 02:09:05', NULL),
(33, 1, 29, 2, 1, 1, 30, 3, '2024-01-16 02:09:05', NULL),
(34, 1, 30, 2, 1, 1, 31, 7, '2024-01-16 02:09:05', NULL),
(35, 1, 31, 2, 1, 1, 32, 1, '2024-01-16 02:09:05', NULL),
(36, 1, 32, 2, 1, 1, 33, 7, '2024-01-16 02:09:05', '2024-01-31 20:52:27'),
(37, 1, 33, 2, 1, 1, 34, 3, '2024-01-16 02:09:05', '2024-01-31 20:52:40'),
(38, 1, 34, 2, 1, 1, 35, 1, '2024-01-16 02:09:05', NULL),
(39, 1, 35, 2, 1, 1, 36, 3, '2024-01-16 02:09:05', '2024-01-31 20:51:44'),
(40, 1, 36, 2, 1, 1, 37, 1, '2024-01-16 02:09:05', '2024-01-31 20:53:02'),
(41, 1, 40, 1, 1, 1, 38, 3, '2024-01-16 02:09:05', '2024-01-24 01:18:25'),
(42, 1, 42, 1, 1, 1, 39, 4, '2024-01-16 02:09:06', '2024-01-24 01:17:54'),
(43, 1, 39, 1, 1, 1, 40, 4, '2024-01-16 02:09:06', '2024-01-31 20:43:54'),
(44, 1, 43, 1, 1, 1, 41, 7, '2024-01-16 02:09:06', '2024-01-31 20:53:17'),
(45, 1, 41, 1, 1, 1, 42, 7, '2024-01-16 02:09:06', '2024-01-31 21:00:31'),
(46, 1, 44, 1, 1, 1, 43, 7, '2024-01-16 02:09:06', '2024-01-31 21:01:39'),
(47, 1, 38, 1, 1, 1, 44, 3, '2024-01-16 02:09:06', '2024-01-24 01:16:21'),
(48, 1, 45, 1, 1, 1, 45, 7, '2024-01-16 02:09:06', '2024-01-31 21:02:46'),
(49, 1, 37, 1, 1, 1, 46, 3, '2024-01-16 02:09:06', '2024-01-24 01:14:16'),
(50, 1, 46, 2, 1, 1, 47, 1, '2024-01-16 02:09:06', '2024-01-31 20:53:56'),
(51, 1, 59, 1, 2, 1, 48, 6, '2024-01-16 02:09:06', '2024-01-31 22:59:24'),
(52, 1, 48, 2, 1, 1, 49, 3, '2024-01-16 02:09:06', '2024-01-31 21:00:19'),
(53, 1, 49, 2, 1, 1, 50, 3, '2024-01-16 02:09:06', '2024-01-31 21:00:09'),
(54, 1, 50, 2, 1, 1, 51, 3, '2024-01-16 02:09:06', '2024-01-31 19:42:16'),
(55, 1, 51, 2, 1, 1, 52, 7, '2024-01-16 02:09:06', '2024-01-31 20:38:45'),
(56, 1, 52, 2, 1, 1, 53, 7, '2024-01-16 02:09:07', '2024-01-31 20:39:09'),
(57, 1, 53, 2, 1, 1, 54, 3, '2024-01-16 02:09:07', '2024-01-31 21:01:03'),
(58, 1, 54, 2, 1, 1, 55, 3, '2024-01-16 02:09:07', '2024-01-31 20:51:00'),
(59, 1, 55, 2, 1, 1, 56, 4, '2024-01-16 02:09:07', '2024-01-31 21:03:56'),
(60, 1, 56, 2, 1, 1, 57, 4, '2024-01-16 02:09:07', '2024-01-31 21:03:46'),
(61, 1, 57, 2, 1, 1, 58, 7, '2024-01-16 02:09:07', '2024-01-31 21:04:08'),
(62, 1, 73, 2, 1, 1, 59, 7, '2024-01-16 02:09:07', '2024-01-31 21:04:45'),
(63, 1, 60, 2, 1, 1, 60, 3, '2024-01-16 02:09:07', '2024-01-31 21:05:12'),
(64, 1, 61, 2, 1, 1, 61, 7, '2024-01-16 02:09:07', '2024-01-31 21:05:34'),
(65, 1, 62, 2, 1, 1, 62, 3, '2024-01-16 02:09:07', '2024-01-31 21:06:16'),
(66, 1, 63, 2, 1, 1, 63, 7, '2024-01-16 02:09:07', '2024-01-31 21:05:51'),
(67, 1, 64, 2, 1, 1, 64, 3, '2024-01-16 02:09:07', '2024-01-31 21:06:03'),
(68, 1, 65, 2, 1, 1, 65, 4, '2024-01-16 02:09:07', '2024-01-31 21:01:29'),
(69, 1, 2, 2, 1, 2, 3, 1, '2024-01-16 02:09:07', '2024-01-19 00:24:48'),
(70, 2, 3, 2, 1, 2, 4, 1, '2024-01-16 02:09:07', '2024-01-19 16:34:44'),
(71, 1, 4, 2, 1, 2, 5, 1, '2024-01-16 02:09:07', '2024-01-17 22:57:20'),
(72, 2, 5, 2, 1, 2, 6, 1, '2024-01-16 02:09:08', NULL),
(73, 2, 6, 2, 1, 2, 7, 1, '2024-01-16 02:09:08', NULL),
(74, 2, 7, 2, 1, 2, 8, 1, '2024-01-16 02:09:08', NULL),
(75, 1, 8, 2, 1, 2, 9, 1, '2024-01-16 02:09:08', '2024-01-17 23:05:56'),
(76, 2, 9, 2, 1, 2, 10, 1, '2024-01-16 02:09:08', '2024-01-18 02:19:19'),
(77, 2, 10, 2, 1, 2, 11, 1, '2024-01-16 02:09:08', '2024-01-23 01:55:24'),
(78, 1, 11, 2, 1, 2, 12, 1, '2024-01-16 02:09:08', NULL),
(79, 1, 13, 2, 1, 2, 13, 1, '2024-01-16 02:09:08', '2024-01-23 19:32:52'),
(80, 2, 12, 2, 1, 2, 14, 1, '2024-01-16 02:09:08', '2024-01-23 19:32:53'),
(81, 1, 14, 2, 1, 2, 15, 1, '2024-01-16 02:09:09', '2024-01-17 23:06:17'),
(82, 2, 15, 2, 1, 2, 16, 1, '2024-01-16 02:09:09', '2024-01-19 00:44:23'),
(83, 2, 16, 2, 1, 2, 17, 1, '2024-01-16 02:09:09', NULL),
(84, 2, 17, 2, 1, 2, 18, 1, '2024-01-16 02:09:09', NULL),
(85, 2, 18, 2, 1, 2, 19, 1, '2024-01-16 02:09:09', NULL),
(86, 2, 19, 2, 1, 2, 20, 1, '2024-01-16 02:09:09', NULL),
(87, 1, 20, 2, 1, 2, 21, 1, '2024-01-16 02:09:09', '2024-01-17 22:57:41'),
(88, 1, 21, 2, 1, 2, 22, 1, '2024-01-16 02:09:09', '2024-01-18 02:20:35'),
(89, 2, 22, 2, 1, 2, 23, 1, '2024-01-16 02:09:09', NULL),
(90, 1, 23, 2, 1, 2, 24, 1, '2024-01-16 02:09:09', '2024-01-23 08:48:23'),
(91, 1, 24, 2, 1, 2, 25, 1, '2024-01-16 02:09:09', '2024-01-18 02:20:58'),
(92, 2, 25, 2, 1, 2, 26, 1, '2024-01-16 02:09:09', NULL),
(93, 2, 26, 2, 1, 2, 27, 1, '2024-01-16 02:09:09', '2024-01-18 02:21:13'),
(94, 1, 27, 2, 1, 2, 28, 1, '2024-01-16 02:09:09', '2024-01-18 02:21:19'),
(95, 1, 28, 2, 1, 2, 29, 1, '2024-01-16 02:09:09', '2024-01-18 02:21:25'),
(96, 1, 29, 2, 1, 2, 30, 1, '2024-01-16 02:09:09', '2024-01-18 02:21:31'),
(97, 2, 30, 2, 1, 2, 31, 1, '2024-01-16 02:09:09', '2024-01-23 10:31:50'),
(98, 2, 31, 2, 1, 2, 32, 1, '2024-01-16 02:09:10', '2024-01-21 18:33:33'),
(99, 2, 32, 2, 1, 2, 33, 1, '2024-01-16 02:09:10', NULL),
(100, 1, 33, 2, 1, 2, 34, 1, '2024-01-16 02:09:10', '2024-01-18 02:21:56'),
(101, 1, 34, 2, 1, 2, 35, 1, '2024-01-16 02:09:10', '2024-01-18 02:22:45'),
(102, 1, 35, 2, 1, 2, 36, 1, '2024-01-16 02:09:10', '2024-01-18 02:22:52'),
(103, 1, 36, 2, 1, 2, 37, 1, '2024-01-16 02:09:10', '2024-01-18 02:22:57'),
(104, 1, 37, 1, 1, 2, 38, 1, '2024-01-16 02:09:10', '2024-01-18 02:23:10'),
(105, 2, 39, 2, 1, 2, 39, 1, '2024-01-16 02:09:10', '2024-01-24 01:11:26'),
(106, 1, 40, 1, 1, 2, 40, 1, '2024-01-16 02:09:10', '2024-01-24 01:11:14'),
(107, 2, 41, 2, 1, 2, 41, 1, '2024-01-16 02:09:10', '2024-01-24 01:10:20'),
(108, 2, 42, 2, 1, 2, 42, 1, '2024-01-16 02:09:10', '2024-01-24 00:48:37'),
(109, 2, 43, 2, 1, 2, 43, 1, '2024-01-16 02:09:10', '2024-01-24 00:05:43'),
(110, 1, 44, 2, 1, 2, 44, 1, '2024-01-16 02:09:10', '2024-01-23 23:25:31'),
(111, 2, 45, 2, 1, 2, 45, 1, '2024-01-16 02:09:10', '2024-01-23 23:14:33'),
(112, 1, 38, 1, 1, 2, 46, 3, '2024-01-16 02:09:10', '2024-01-24 01:11:27'),
(113, 1, 46, 2, 1, 2, 47, 1, '2024-01-16 02:09:11', NULL),
(114, 1, 47, 1, 2, 2, 48, 6, '2024-01-16 02:09:11', '2024-01-18 02:24:24'),
(115, 1, 48, 2, 1, 2, 49, 1, '2024-01-16 02:09:11', '2024-01-18 02:24:38'),
(116, 1, 49, 2, 1, 2, 50, 1, '2024-01-16 02:09:11', '2024-01-19 21:45:45'),
(117, 2, 50, 2, 1, 2, 51, 1, '2024-01-16 02:09:11', '2024-01-19 16:42:57'),
(118, 2, 51, 2, 1, 2, 52, 1, '2024-01-16 02:09:11', NULL),
(119, 2, 52, 2, 1, 2, 53, 1, '2024-01-16 02:09:11', NULL),
(120, 1, 53, 2, 1, 2, 54, 1, '2024-01-16 02:09:11', NULL),
(121, 1, 54, 2, 1, 2, 55, 1, '2024-01-16 02:09:11', NULL),
(122, 2, 55, 2, 1, 2, 56, 1, '2024-01-16 02:09:11', NULL),
(123, 1, 56, 2, 1, 2, 57, 1, '2024-01-16 02:09:11', '2024-01-19 00:46:40'),
(124, 2, 57, 2, 1, 2, 58, 1, '2024-01-16 02:09:11', NULL),
(125, 2, 58, 2, 1, 2, 59, 1, '2024-01-16 02:09:11', '2024-01-19 16:36:48'),
(126, 1, 59, 2, 1, 2, 60, 1, '2024-01-16 02:09:11', '2024-01-19 00:47:01'),
(127, 2, 60, 2, 1, 2, 61, 1, '2024-01-16 02:09:12', NULL),
(128, 2, 61, 2, 1, 2, 62, 1, '2024-01-16 02:09:12', '2024-01-23 10:33:42'),
(129, 2, 62, 2, 1, 2, 63, 1, '2024-01-16 02:09:12', NULL),
(130, 1, 63, 2, 1, 2, 64, 1, '2024-01-16 02:09:12', '2024-01-19 00:47:29'),
(131, 2, 64, 2, 1, 2, 65, 1, '2024-01-16 02:09:12', NULL),
(132, 1, 1, 1, 2, 3, 1, 2, '2024-01-16 02:09:12', '2024-01-23 11:30:55'),
(133, 2, 2, 2, 1, 3, 3, 1, '2024-01-16 02:09:12', NULL),
(134, 2, 3, 2, 1, 3, 4, 1, '2024-01-16 02:09:12', NULL),
(135, 2, 4, 2, 1, 3, 5, 1, '2024-01-16 02:09:12', NULL),
(136, 2, 5, 2, 1, 3, 6, 1, '2024-01-16 02:09:12', NULL),
(137, 2, 6, 2, 1, 3, 7, 1, '2024-01-16 02:09:12', NULL),
(138, 2, 7, 2, 1, 3, 8, 1, '2024-01-16 02:09:12', NULL),
(139, 2, 8, 2, 1, 3, 9, 1, '2024-01-16 02:09:12', NULL),
(140, 2, 9, 2, 1, 3, 10, 1, '2024-01-16 02:09:12', NULL),
(141, 2, 10, 2, 1, 3, 11, 1, '2024-01-16 02:09:12', NULL),
(142, 1, 11, 2, 1, 3, 12, 1, '2024-01-16 02:09:13', NULL),
(143, 2, 12, 2, 1, 3, 13, 1, '2024-01-16 02:09:13', NULL),
(144, 2, 13, 2, 1, 3, 14, 1, '2024-01-16 02:09:13', NULL),
(145, 2, 14, 2, 1, 3, 15, 1, '2024-01-16 02:09:13', NULL),
(146, 2, 15, 2, 1, 3, 16, 1, '2024-01-16 02:09:13', NULL),
(147, 2, 16, 2, 1, 3, 17, 1, '2024-01-16 02:09:13', NULL),
(148, 2, 17, 2, 1, 3, 18, 1, '2024-01-16 02:09:13', NULL),
(149, 2, 18, 2, 1, 3, 19, 1, '2024-01-16 02:09:13', NULL),
(150, 2, 19, 2, 1, 3, 20, 1, '2024-01-16 02:09:13', NULL),
(151, 2, 20, 2, 1, 3, 21, 1, '2024-01-16 02:09:13', NULL),
(152, 2, 21, 2, 1, 3, 22, 1, '2024-01-16 02:09:14', NULL),
(153, 2, 22, 2, 1, 3, 23, 1, '2024-01-16 02:09:14', NULL),
(154, 2, 23, 2, 1, 3, 24, 1, '2024-01-16 02:09:14', NULL),
(155, 2, 24, 2, 1, 3, 25, 1, '2024-01-16 02:09:14', NULL),
(156, 2, 25, 2, 1, 3, 26, 1, '2024-01-16 02:09:14', NULL),
(157, 2, 26, 2, 1, 3, 27, 1, '2024-01-16 02:09:14', NULL),
(158, 1, 27, 2, 1, 3, 28, 1, '2024-01-16 02:09:14', '2024-01-21 15:39:16'),
(159, 1, 28, 2, 1, 3, 29, 1, '2024-01-16 02:09:14', '2024-01-21 15:39:02'),
(160, 1, 29, 2, 1, 3, 30, 1, '2024-01-16 02:09:14', '2024-01-21 15:39:24'),
(161, 2, 30, 2, 1, 3, 31, 1, '2024-01-16 02:09:14', NULL),
(162, 2, 31, 2, 1, 3, 32, 1, '2024-01-16 02:09:14', NULL),
(163, 2, 32, 2, 1, 3, 33, 1, '2024-01-16 02:09:14', NULL),
(164, 1, 33, 2, 1, 3, 34, 1, '2024-01-16 02:09:14', '2024-01-21 15:39:36'),
(165, 1, 34, 2, 1, 3, 35, 1, '2024-01-16 02:09:15', '2024-01-21 15:39:09'),
(166, 1, 35, 2, 1, 3, 36, 1, '2024-01-16 02:09:15', '2024-01-21 15:39:26'),
(167, 1, 36, 2, 1, 3, 37, 1, '2024-01-16 02:09:15', '2024-01-19 16:43:49'),
(168, 2, 37, 2, 1, 3, 38, 1, '2024-01-16 02:09:15', NULL),
(169, 2, 38, 2, 1, 3, 39, 1, '2024-01-16 02:09:15', NULL),
(170, 2, 39, 2, 1, 3, 40, 1, '2024-01-16 02:09:15', NULL),
(171, 2, 40, 2, 1, 3, 41, 1, '2024-01-16 02:09:15', NULL),
(172, 2, 41, 2, 1, 3, 42, 1, '2024-01-16 02:09:15', NULL),
(173, 2, 42, 2, 1, 3, 43, 1, '2024-01-16 02:09:15', NULL),
(174, 2, 43, 2, 1, 3, 44, 1, '2024-01-16 02:09:15', NULL),
(175, 2, 44, 2, 1, 3, 45, 1, '2024-01-16 02:09:15', NULL),
(176, 1, 45, 1, 1, 3, 46, 1, '2024-01-16 02:09:15', '2024-01-23 11:31:06'),
(177, 1, 46, 2, 1, 3, 47, 1, '2024-01-16 02:09:15', NULL),
(178, 1, 47, 1, 2, 3, 48, 6, '2024-01-16 02:09:15', '2024-01-23 11:31:02'),
(179, 1, 48, 2, 1, 3, 49, 1, '2024-01-16 02:09:16', '2024-01-19 16:44:15'),
(180, 2, 49, 2, 1, 3, 50, 1, '2024-01-16 02:09:16', '2024-01-23 11:26:57'),
(181, 2, 50, 2, 1, 3, 51, 1, '2024-01-16 02:09:16', NULL),
(182, 2, 51, 2, 1, 3, 52, 1, '2024-01-16 02:09:16', NULL),
(183, 2, 52, 2, 1, 3, 53, 1, '2024-01-16 02:09:16', NULL),
(184, 1, 53, 2, 1, 3, 54, 1, '2024-01-16 02:09:16', NULL),
(185, 1, 54, 2, 1, 3, 55, 1, '2024-01-16 02:09:16', NULL),
(186, 2, 55, 2, 1, 3, 56, 1, '2024-01-16 02:09:16', NULL),
(187, 2, 56, 2, 1, 3, 57, 1, '2024-01-16 02:09:16', '2024-01-23 11:26:17'),
(188, 2, 57, 2, 1, 3, 58, 1, '2024-01-16 02:09:16', NULL),
(189, 2, 58, 2, 1, 3, 59, 1, '2024-01-16 02:09:16', NULL),
(190, 1, 59, 2, 1, 3, 60, 1, '2024-01-16 02:09:16', '2024-01-19 16:44:59'),
(191, 2, 60, 2, 1, 3, 61, 1, '2024-01-16 02:09:16', NULL),
(192, 2, 61, 2, 1, 3, 62, 1, '2024-01-16 02:09:17', NULL),
(193, 2, 62, 2, 1, 3, 63, 1, '2024-01-16 02:09:17', NULL),
(194, 1, 63, 2, 1, 3, 64, 1, '2024-01-16 02:09:17', '2024-01-19 16:45:09'),
(195, 2, 64, 2, 1, 3, 65, 1, '2024-01-16 02:09:17', NULL),
(196, 2, 4, 2, 1, 4, 3, 1, '2024-01-16 02:09:17', '2024-01-17 01:34:14'),
(197, 2, 5, 2, 1, 4, 4, 1, '2024-01-16 02:09:17', NULL),
(198, 2, 6, 2, 1, 4, 5, 1, '2024-01-16 02:09:17', NULL),
(199, 2, 7, 2, 1, 4, 6, 1, '2024-01-16 02:09:17', NULL),
(200, 2, 8, 2, 1, 4, 7, 1, '2024-01-16 02:09:17', NULL),
(201, 2, 9, 2, 1, 4, 8, 1, '2024-01-16 02:09:17', NULL),
(202, 2, 10, 2, 1, 4, 9, 1, '2024-01-16 02:09:17', NULL),
(203, 2, 11, 2, 1, 4, 10, 1, '2024-01-16 02:09:17', NULL),
(204, 2, 12, 2, 1, 4, 11, 1, '2024-01-16 02:09:17', NULL),
(205, 1, 13, 2, 1, 4, 12, 1, '2024-01-16 02:09:17', NULL),
(206, 2, 14, 2, 1, 4, 13, 1, '2024-01-16 02:09:17', NULL),
(207, 2, 15, 2, 1, 4, 14, 1, '2024-01-16 02:09:18', NULL),
(208, 2, 16, 2, 1, 4, 15, 1, '2024-01-16 02:09:18', NULL),
(209, 2, 17, 2, 1, 4, 16, 1, '2024-01-16 02:09:18', NULL),
(210, 2, 18, 2, 1, 4, 17, 1, '2024-01-16 02:09:18', NULL),
(211, 2, 19, 2, 1, 4, 18, 1, '2024-01-16 02:09:18', NULL),
(212, 2, 20, 2, 1, 4, 19, 1, '2024-01-16 02:09:18', NULL),
(213, 2, 21, 2, 1, 4, 20, 1, '2024-01-16 02:09:18', NULL),
(214, 1, 22, 2, 1, 4, 21, 1, '2024-01-16 02:09:18', '2024-01-21 15:34:39'),
(215, 2, 23, 2, 1, 4, 22, 1, '2024-01-16 02:09:18', NULL),
(216, 2, 24, 2, 1, 4, 23, 1, '2024-01-16 02:09:18', NULL),
(217, 2, 25, 2, 1, 4, 24, 1, '2024-01-16 02:09:18', NULL),
(218, 2, 26, 2, 1, 4, 25, 1, '2024-01-16 02:09:18', NULL),
(219, 2, 27, 2, 1, 4, 26, 1, '2024-01-16 02:09:18', NULL),
(220, 2, 28, 2, 1, 4, 27, 1, '2024-01-16 02:09:19', NULL),
(221, 1, 29, 2, 1, 4, 28, 1, '2024-01-16 02:09:19', '2024-01-21 15:35:29'),
(222, 1, 30, 2, 1, 4, 29, 1, '2024-01-16 02:09:19', '2024-01-21 15:34:57'),
(223, 1, 31, 2, 1, 4, 30, 1, '2024-01-16 02:09:19', '2024-01-21 15:35:37'),
(224, 2, 32, 2, 1, 4, 31, 1, '2024-01-16 02:09:19', NULL),
(225, 2, 33, 2, 1, 4, 32, 1, '2024-01-16 02:09:19', NULL),
(226, 2, 34, 2, 1, 4, 33, 1, '2024-01-16 02:09:19', NULL),
(227, 1, 35, 2, 1, 4, 34, 1, '2024-01-16 02:09:19', '2024-01-21 15:32:58'),
(228, 1, 36, 2, 1, 4, 35, 1, '2024-01-16 02:09:19', '2024-01-21 15:35:03'),
(229, 1, 37, 2, 1, 4, 36, 1, '2024-01-16 02:09:19', '2024-01-21 15:35:40'),
(230, 1, 38, 2, 1, 4, 37, 1, '2024-01-16 02:09:19', '2024-01-21 15:32:53'),
(231, 2, 39, 2, 1, 4, 38, 1, '2024-01-16 02:09:19', NULL),
(232, 2, 40, 2, 1, 4, 40, 1, '2024-01-16 02:09:19', NULL),
(233, 2, 41, 2, 1, 4, 41, 1, '2024-01-16 02:09:19', NULL),
(234, 2, 42, 2, 1, 4, 42, 1, '2024-01-16 02:09:20', NULL),
(235, 2, 43, 2, 1, 4, 43, 1, '2024-01-16 02:09:20', NULL),
(236, 2, 44, 2, 1, 4, 44, 1, '2024-01-16 02:09:20', NULL),
(237, 2, 45, 2, 1, 4, 45, 1, '2024-01-16 02:09:20', NULL),
(238, 1, 46, 2, 1, 4, 47, 1, '2024-01-16 02:09:20', NULL),
(239, 1, 47, 1, 2, 4, 48, 6, '2024-01-16 02:09:20', '2024-01-23 11:36:28'),
(240, 1, 48, 2, 1, 4, 49, 1, '2024-01-16 02:09:20', '2024-01-17 02:18:49'),
(241, 1, 49, 2, 1, 4, 50, 1, '2024-01-16 02:09:20', '2024-01-21 15:32:47'),
(242, 2, 50, 2, 1, 4, 51, 1, '2024-01-16 02:09:20', NULL),
(243, 2, 51, 2, 1, 4, 52, 1, '2024-01-16 02:09:20', NULL),
(244, 2, 52, 2, 1, 4, 53, 1, '2024-01-16 02:09:20', NULL),
(245, 1, 53, 2, 1, 4, 54, 1, '2024-01-16 02:09:20', NULL),
(246, 1, 54, 2, 1, 4, 55, 1, '2024-01-16 02:09:20', NULL),
(247, 2, 55, 2, 1, 4, 56, 1, '2024-01-16 02:09:20', NULL),
(248, 2, 56, 2, 1, 4, 57, 1, '2024-01-16 02:09:20', NULL),
(249, 2, 57, 2, 1, 4, 58, 1, '2024-01-16 02:09:20', NULL),
(250, 2, 58, 2, 1, 4, 59, 1, '2024-01-16 02:09:20', NULL),
(251, 1, 59, 2, 1, 4, 60, 1, '2024-01-16 02:09:20', '2024-01-21 15:36:26'),
(252, 2, 60, 2, 1, 4, 61, 1, '2024-01-16 02:09:21', NULL),
(253, 2, 61, 2, 1, 4, 62, 1, '2024-01-16 02:09:21', NULL),
(254, 2, 62, 2, 1, 4, 63, 1, '2024-01-16 02:09:21', NULL),
(255, 1, 63, 2, 1, 4, 64, 1, '2024-01-16 02:09:21', '2024-01-21 15:36:39'),
(256, 2, 64, 2, 1, 4, 65, 1, '2024-01-16 02:09:21', NULL),
(257, 1, 1, 1, 2, 5, 1, 2, '2024-01-16 02:09:21', '2024-01-23 11:37:31'),
(258, 2, 2, 2, 1, 5, 3, 1, '2024-01-16 02:09:21', NULL),
(259, 2, 3, 2, 1, 5, 4, 1, '2024-01-16 02:09:21', NULL),
(260, 2, 4, 2, 1, 5, 5, 1, '2024-01-16 02:09:21', NULL),
(261, 2, 5, 2, 1, 5, 6, 1, '2024-01-16 02:09:21', NULL),
(262, 2, 6, 2, 1, 5, 7, 1, '2024-01-16 02:09:21', NULL),
(263, 2, 7, 2, 1, 5, 8, 1, '2024-01-16 02:09:21', NULL),
(264, 2, 8, 2, 1, 5, 9, 1, '2024-01-16 02:09:21', NULL),
(265, 2, 9, 2, 1, 5, 10, 1, '2024-01-16 02:09:21', NULL),
(266, 2, 10, 2, 1, 5, 11, 1, '2024-01-16 02:09:21', NULL),
(267, 1, 11, 2, 1, 5, 12, 1, '2024-01-16 02:09:21', NULL),
(268, 2, 12, 2, 1, 5, 13, 1, '2024-01-16 02:09:21', NULL),
(269, 2, 13, 2, 1, 5, 14, 1, '2024-01-16 02:09:22', NULL),
(270, 2, 14, 2, 1, 5, 15, 1, '2024-01-16 02:09:22', NULL),
(271, 2, 15, 2, 1, 5, 16, 1, '2024-01-16 02:09:22', NULL),
(272, 2, 16, 2, 1, 5, 17, 1, '2024-01-16 02:09:22', NULL),
(273, 2, 17, 2, 1, 5, 18, 1, '2024-01-16 02:09:22', NULL),
(274, 2, 18, 2, 1, 5, 19, 1, '2024-01-16 02:09:22', NULL),
(275, 2, 19, 2, 1, 5, 20, 1, '2024-01-16 02:09:22', NULL),
(276, 2, 20, 2, 1, 5, 21, 1, '2024-01-16 02:09:22', '2024-01-23 11:40:32'),
(277, 2, 21, 2, 1, 5, 22, 1, '2024-01-16 02:09:22', NULL),
(278, 2, 22, 2, 1, 5, 23, 1, '2024-01-16 02:09:22', NULL),
(279, 2, 23, 2, 1, 5, 24, 1, '2024-01-16 02:09:22', NULL),
(280, 2, 24, 2, 1, 5, 25, 1, '2024-01-16 02:09:22', NULL),
(281, 2, 25, 2, 1, 5, 26, 1, '2024-01-16 02:09:22', NULL),
(282, 2, 26, 2, 1, 5, 27, 1, '2024-01-16 02:09:23', NULL),
(283, 1, 27, 2, 1, 5, 28, 1, '2024-01-16 02:09:23', '2024-01-21 15:10:08'),
(284, 1, 28, 2, 1, 5, 29, 1, '2024-01-16 02:09:23', '2024-01-23 11:39:31'),
(285, 1, 29, 2, 1, 5, 30, 1, '2024-01-16 02:09:23', '2024-01-21 15:10:24'),
(286, 2, 30, 2, 1, 5, 31, 1, '2024-01-16 02:09:23', NULL),
(287, 2, 31, 2, 1, 5, 32, 1, '2024-01-16 02:09:23', NULL),
(288, 2, 32, 2, 1, 5, 33, 1, '2024-01-16 02:09:23', NULL),
(289, 1, 33, 2, 1, 5, 34, 1, '2024-01-16 02:09:23', '2024-01-21 15:37:31'),
(290, 1, 34, 2, 1, 5, 35, 1, '2024-01-16 02:09:23', '2024-01-23 11:39:22'),
(291, 1, 35, 2, 1, 5, 36, 1, '2024-01-16 02:09:23', '2024-01-21 15:10:30'),
(292, 1, 36, 2, 1, 5, 37, 1, '2024-01-16 02:09:23', '2024-01-21 15:03:54'),
(293, 2, 37, 2, 1, 5, 38, 1, '2024-01-16 02:09:23', NULL),
(294, 2, 38, 2, 1, 5, 39, 1, '2024-01-16 02:09:23', NULL),
(295, 2, 39, 2, 1, 5, 40, 1, '2024-01-16 02:09:23', NULL),
(296, 2, 40, 2, 1, 5, 41, 1, '2024-01-16 02:09:23', NULL),
(297, 2, 41, 2, 1, 5, 42, 1, '2024-01-16 02:09:23', NULL),
(298, 2, 42, 2, 1, 5, 43, 1, '2024-01-16 02:09:24', NULL),
(299, 2, 43, 2, 1, 5, 44, 1, '2024-01-16 02:09:24', NULL),
(300, 2, 44, 2, 1, 5, 45, 1, '2024-01-16 02:09:24', NULL),
(301, 2, 45, 2, 1, 5, 46, 1, '2024-01-16 02:09:24', NULL),
(302, 1, 46, 2, 1, 5, 47, 1, '2024-01-16 02:09:24', NULL),
(303, 1, 47, 1, 2, 5, 48, 6, '2024-01-16 02:09:24', '2024-01-23 11:38:04'),
(304, 2, 48, 2, 1, 5, 49, 1, '2024-01-16 02:09:24', NULL),
(305, 1, 49, 2, 1, 5, 50, 1, '2024-01-16 02:09:24', '2024-01-21 15:37:42'),
(306, 2, 50, 2, 1, 5, 51, 1, '2024-01-16 02:09:24', NULL),
(307, 2, 51, 2, 1, 5, 52, 1, '2024-01-16 02:09:24', NULL),
(308, 2, 52, 2, 1, 5, 53, 1, '2024-01-16 02:09:24', NULL),
(309, 1, 53, 2, 1, 5, 54, 1, '2024-01-16 02:09:24', NULL),
(310, 1, 54, 2, 1, 5, 55, 1, '2024-01-16 02:09:24', NULL),
(311, 2, 55, 2, 1, 5, 56, 1, '2024-01-16 02:09:25', NULL),
(312, 2, 56, 2, 1, 5, 57, 1, '2024-01-16 02:09:25', NULL),
(313, 2, 57, 2, 1, 5, 58, 1, '2024-01-16 02:09:25', NULL),
(314, 2, 58, 2, 1, 5, 59, 1, '2024-01-16 02:09:25', NULL),
(315, 1, 59, 2, 1, 5, 60, 1, '2024-01-16 02:09:25', '2024-01-21 15:03:45'),
(316, 2, 60, 2, 1, 5, 61, 1, '2024-01-16 02:09:25', NULL),
(317, 2, 61, 2, 1, 5, 62, 1, '2024-01-16 02:09:25', NULL),
(318, 2, 62, 2, 1, 5, 63, 1, '2024-01-16 02:09:25', NULL),
(319, 1, 63, 2, 1, 5, 64, 1, '2024-01-16 02:09:25', '2024-01-21 15:04:14'),
(320, 2, 64, 2, 1, 5, 65, 1, '2024-01-16 02:09:25', NULL),
(321, 1, 1, 1, 2, 6, 1, 2, '2024-01-16 02:09:25', '2024-01-23 11:34:14'),
(322, 2, 2, 2, 1, 6, 3, 1, '2024-01-16 02:09:26', NULL),
(323, 2, 3, 2, 1, 6, 4, 1, '2024-01-16 02:09:26', NULL),
(324, 2, 4, 2, 1, 6, 5, 1, '2024-01-16 02:09:26', NULL),
(325, 2, 5, 2, 1, 6, 6, 1, '2024-01-16 02:09:26', NULL),
(326, 2, 6, 2, 1, 6, 7, 1, '2024-01-16 02:09:26', NULL),
(327, 2, 7, 2, 1, 6, 8, 1, '2024-01-16 02:09:26', NULL),
(328, 2, 8, 2, 1, 6, 9, 1, '2024-01-16 02:09:26', NULL),
(329, 2, 9, 2, 1, 6, 10, 1, '2024-01-16 02:09:26', NULL),
(330, 2, 10, 2, 1, 6, 11, 1, '2024-01-16 02:09:26', '2024-01-19 16:46:00'),
(331, 1, 11, 2, 1, 6, 12, 1, '2024-01-16 02:09:26', NULL),
(332, 2, 12, 2, 1, 6, 13, 1, '2024-01-16 02:09:26', NULL),
(333, 2, 13, 2, 1, 6, 14, 1, '2024-01-16 02:09:26', NULL),
(334, 2, 14, 2, 1, 6, 15, 1, '2024-01-16 02:09:26', NULL),
(335, 2, 15, 2, 1, 6, 16, 1, '2024-01-16 02:09:26', NULL),
(336, 2, 16, 2, 1, 6, 17, 1, '2024-01-16 02:09:26', NULL),
(337, 2, 17, 2, 1, 6, 18, 1, '2024-01-16 02:09:26', NULL),
(338, 2, 18, 2, 1, 6, 19, 1, '2024-01-16 02:09:27', NULL),
(339, 2, 19, 2, 1, 6, 20, 1, '2024-01-16 02:09:27', NULL),
(340, 2, 20, 2, 1, 6, 21, 1, '2024-01-16 02:09:27', NULL),
(341, 2, 21, 2, 1, 6, 22, 1, '2024-01-16 02:09:27', NULL),
(342, 2, 22, 2, 1, 6, 23, 1, '2024-01-16 02:09:27', NULL),
(343, 2, 23, 2, 1, 6, 24, 1, '2024-01-16 02:09:27', NULL),
(344, 2, 24, 2, 1, 6, 25, 1, '2024-01-16 02:09:27', NULL),
(345, 2, 25, 2, 1, 6, 26, 1, '2024-01-16 02:09:27', NULL),
(346, 2, 26, 2, 1, 6, 27, 1, '2024-01-16 02:09:27', NULL),
(347, 1, 27, 2, 1, 6, 28, 1, '2024-01-16 02:09:28', '2024-01-19 16:46:12'),
(348, 1, 28, 2, 1, 6, 29, 1, '2024-01-16 02:09:28', '2024-01-19 16:46:23'),
(349, 1, 29, 2, 1, 6, 30, 1, '2024-01-16 02:09:28', '2024-01-19 16:46:28'),
(350, 2, 30, 2, 1, 6, 31, 1, '2024-01-16 02:09:28', NULL),
(351, 2, 31, 2, 1, 6, 32, 1, '2024-01-16 02:09:28', NULL),
(352, 2, 32, 2, 1, 6, 33, 1, '2024-01-16 02:09:28', NULL),
(353, 2, 33, 2, 1, 6, 34, 1, '2024-01-16 02:09:28', '2024-01-19 16:46:43'),
(354, 2, 34, 2, 1, 6, 35, 1, '2024-01-16 02:09:28', NULL),
(355, 2, 35, 2, 1, 6, 36, 1, '2024-01-16 02:09:28', NULL),
(356, 1, 36, 2, 1, 6, 37, 1, '2024-01-16 02:09:28', '2024-01-19 16:46:49'),
(357, 2, 37, 2, 1, 6, 38, 1, '2024-01-16 02:09:28', NULL),
(358, 2, 38, 2, 1, 6, 39, 1, '2024-01-16 02:09:28', NULL),
(359, 2, 39, 2, 1, 6, 40, 1, '2024-01-16 02:09:28', NULL),
(360, 2, 40, 2, 1, 6, 41, 1, '2024-01-16 02:09:28', NULL),
(361, 2, 41, 2, 1, 6, 42, 1, '2024-01-16 02:09:28', NULL),
(362, 2, 42, 2, 1, 6, 43, 1, '2024-01-16 02:09:28', NULL),
(363, 2, 43, 2, 1, 6, 44, 1, '2024-01-16 02:09:28', NULL),
(364, 2, 44, 2, 1, 6, 45, 1, '2024-01-16 02:09:28', NULL),
(365, 1, 45, 2, 1, 6, 46, 1, '2024-01-16 02:09:28', '2024-01-19 16:47:58'),
(366, 1, 46, 2, 1, 6, 47, 1, '2024-01-16 02:09:28', NULL),
(367, 1, 47, 1, 2, 6, 48, 6, '2024-01-16 02:09:28', '2024-01-23 11:35:10'),
(368, 2, 48, 2, 1, 6, 49, 1, '2024-01-16 02:09:28', NULL),
(369, 2, 49, 2, 1, 6, 50, 1, '2024-01-16 02:09:28', NULL),
(370, 2, 50, 2, 1, 6, 51, 1, '2024-01-16 02:09:28', NULL),
(371, 2, 51, 2, 1, 6, 52, 1, '2024-01-16 02:09:28', NULL),
(372, 2, 52, 2, 1, 6, 53, 1, '2024-01-16 02:09:28', NULL),
(373, 1, 53, 2, 1, 6, 54, 1, '2024-01-16 02:09:29', NULL),
(374, 1, 54, 2, 1, 6, 55, 1, '2024-01-16 02:09:29', NULL),
(375, 2, 55, 2, 1, 6, 56, 1, '2024-01-16 02:09:29', NULL),
(376, 2, 56, 2, 1, 6, 57, 1, '2024-01-16 02:09:29', NULL),
(377, 2, 57, 2, 1, 6, 58, 1, '2024-01-16 02:09:29', NULL),
(378, 2, 58, 2, 1, 6, 59, 1, '2024-01-16 02:09:29', '2024-01-19 16:47:35'),
(379, 1, 59, 2, 1, 6, 60, 1, '2024-01-16 02:09:29', '2024-01-19 16:47:40'),
(380, 2, 60, 2, 1, 6, 61, 1, '2024-01-16 02:09:29', NULL),
(381, 2, 61, 2, 1, 6, 62, 1, '2024-01-16 02:09:29', NULL),
(382, 2, 62, 2, 1, 6, 63, 1, '2024-01-16 02:09:29', NULL),
(383, 2, 63, 2, 1, 6, 64, 1, '2024-01-16 02:09:29', NULL),
(384, 2, 64, 2, 1, 6, 65, 1, '2024-01-16 02:09:29', NULL),
(385, 1, 66, 2, 1, 1, 66, 3, '2024-01-17 01:43:51', '2024-01-31 20:50:46'),
(386, 1, 65, 2, 1, 2, 66, 3, '2024-01-17 01:43:51', '2024-01-31 23:41:41'),
(387, 2, 65, 2, 1, 3, 66, 1, '2024-01-17 01:43:52', NULL),
(388, 2, 65, 2, 1, 4, 66, 1, '2024-01-17 01:43:52', '2024-01-17 02:30:34'),
(389, 2, 65, 2, 1, 5, 66, 1, '2024-01-17 01:43:52', NULL),
(390, 2, 65, 2, 1, 6, 66, 1, '2024-01-17 01:43:53', NULL),
(391, 1, 67, 2, 1, 1, 67, 3, '2024-01-17 01:46:48', '2024-01-31 21:00:44'),
(392, 1, 66, 2, 1, 2, 67, 1, '2024-01-17 01:46:48', '2024-01-19 00:47:40'),
(393, 2, 66, 2, 1, 3, 67, 1, '2024-01-17 01:46:48', NULL),
(394, 2, 66, 2, 1, 4, 67, 1, '2024-01-17 01:46:49', NULL),
(395, 2, 66, 2, 1, 5, 67, 1, '2024-01-17 01:46:49', NULL),
(396, 2, 66, 2, 1, 6, 67, 1, '2024-01-17 01:46:49', NULL),
(397, 1, 68, 2, 1, 1, 68, 3, '2024-01-18 01:35:05', '2024-01-31 21:04:27'),
(398, 1, 67, 2, 1, 2, 68, 1, '2024-01-18 01:35:06', '2024-01-19 00:48:19'),
(399, 2, 67, 2, 1, 3, 68, 1, '2024-01-18 01:35:07', NULL),
(400, 2, 67, 2, 1, 4, 68, 1, '2024-01-18 01:35:07', NULL),
(401, 2, 67, 2, 1, 5, 68, 1, '2024-01-18 01:35:07', NULL),
(402, 2, 67, 2, 1, 6, 68, 1, '2024-01-18 01:35:08', NULL),
(403, 1, 69, 2, 1, 1, 69, 4, '2024-01-18 01:54:07', '2024-01-31 20:53:28'),
(404, 2, 68, 2, 1, 2, 69, 1, '2024-01-18 01:54:07', NULL),
(405, 2, 68, 2, 1, 3, 69, 1, '2024-01-18 01:54:07', NULL),
(406, 2, 68, 2, 1, 4, 69, 1, '2024-01-18 01:54:08', NULL),
(407, 2, 68, 2, 1, 5, 69, 1, '2024-01-18 01:54:08', NULL),
(408, 2, 68, 2, 1, 6, 69, 1, '2024-01-18 01:54:08', NULL),
(409, 1, 70, 2, 1, 1, 70, 3, '2024-01-19 16:12:50', '2024-01-31 20:43:37'),
(410, 1, 69, 2, 1, 2, 70, 1, '2024-01-19 16:12:50', '2024-01-19 21:45:34'),
(411, 1, 69, 2, 1, 3, 70, 1, '2024-01-19 16:12:51', '2024-01-19 16:45:30'),
(412, 2, 69, 2, 1, 4, 70, 1, '2024-01-19 16:12:51', NULL),
(413, 2, 69, 2, 1, 5, 70, 1, '2024-01-19 16:12:52', NULL),
(414, 2, 69, 2, 1, 6, 70, 1, '2024-01-19 16:12:52', NULL),
(415, 1, 71, 2, 1, 1, 71, 4, '2024-01-23 18:05:01', '2024-01-31 20:38:54'),
(416, 1, 70, 2, 1, 2, 71, 1, '2024-01-23 18:05:02', '2024-01-23 18:07:34'),
(417, 2, 70, 2, 1, 3, 71, 1, '2024-01-23 18:05:02', NULL),
(418, 2, 70, 2, 1, 4, 71, 1, '2024-01-23 18:05:03', NULL),
(419, 2, 70, 2, 1, 5, 71, 1, '2024-01-23 18:05:04', NULL),
(420, 2, 70, 2, 1, 6, 71, 1, '2024-01-23 18:05:04', NULL),
(427, 1, 47, 1, 1, 1, 73, 4, '2024-01-26 00:32:42', '2024-01-31 20:44:11'),
(428, 2, 71, 2, 1, 2, 73, 1, '2024-01-26 00:32:42', NULL),
(429, 2, 71, 2, 1, 3, 73, 1, '2024-01-26 00:32:43', NULL),
(430, 2, 71, 2, 1, 4, 73, 1, '2024-01-26 00:32:43', NULL),
(431, 2, 71, 2, 1, 5, 73, 1, '2024-01-26 00:32:43', NULL),
(432, 2, 71, 2, 1, 6, 73, 1, '2024-01-26 00:32:44', NULL),
(439, 1, 72, 2, 1, 1, 72, 4, '2024-01-26 14:52:02', '2024-01-31 20:47:59'),
(440, 2, 72, 2, 1, 2, 72, 1, '2024-01-26 14:52:03', NULL),
(441, 2, 72, 2, 1, 3, 72, 1, '2024-01-26 14:52:03', NULL),
(442, 2, 72, 2, 1, 4, 72, 1, '2024-01-26 14:52:04', NULL),
(443, 2, 72, 2, 1, 5, 72, 1, '2024-01-26 14:52:04', NULL),
(444, 2, 72, 2, 1, 6, 72, 1, '2024-01-26 14:52:04', NULL),
(469, 1, 58, 1, 1, 1, 74, 4, '2024-01-27 17:26:06', '2024-01-31 20:53:46'),
(470, 2, 73, 2, 1, 2, 74, 1, '2024-01-27 17:26:07', NULL),
(471, 2, 73, 2, 1, 3, 74, 1, '2024-01-27 17:26:07', NULL),
(472, 2, 73, 2, 1, 4, 74, 1, '2024-01-27 17:26:07', NULL),
(473, 2, 73, 2, 1, 5, 74, 1, '2024-01-27 17:26:08', NULL),
(474, 2, 73, 2, 1, 6, 74, 1, '2024-01-27 17:26:08', NULL),
(475, 1, 74, 2, 1, 1, 75, 4, '2024-01-27 19:16:41', '2024-01-31 21:04:19'),
(476, 2, 74, 2, 1, 2, 75, 1, '2024-01-27 19:16:41', NULL),
(477, 2, 74, 2, 1, 3, 75, 1, '2024-01-27 19:16:42', NULL),
(478, 2, 74, 2, 1, 4, 75, 1, '2024-01-27 19:16:42', NULL),
(479, 2, 74, 2, 1, 5, 75, 1, '2024-01-27 19:16:42', NULL),
(480, 2, 74, 2, 1, 6, 75, 1, '2024-01-27 19:16:43', NULL),
(481, 1, 75, 2, 1, 1, 76, 4, '2024-01-27 19:37:30', '2024-01-31 20:49:01'),
(482, 2, 75, 2, 1, 2, 76, 1, '2024-01-27 19:37:31', NULL),
(483, 2, 75, 2, 1, 3, 76, 1, '2024-01-27 19:37:31', NULL),
(484, 2, 75, 2, 1, 4, 76, 1, '2024-01-27 19:37:32', NULL),
(485, 2, 75, 2, 1, 5, 76, 1, '2024-01-27 19:37:32', NULL),
(486, 2, 75, 2, 1, 6, 76, 1, '2024-01-27 19:37:32', NULL),
(487, 1, 76, 2, 1, 1, 77, 4, '2024-01-27 20:01:54', '2024-01-31 20:47:45'),
(488, 2, 76, 2, 1, 2, 77, 1, '2024-01-27 20:01:55', NULL),
(489, 2, 76, 2, 1, 3, 77, 1, '2024-01-27 20:01:55', NULL),
(490, 2, 76, 2, 1, 4, 77, 1, '2024-01-27 20:01:55', NULL),
(491, 2, 76, 2, 1, 5, 77, 1, '2024-01-27 20:01:56', NULL),
(492, 2, 76, 2, 1, 6, 77, 1, '2024-01-27 20:01:56', NULL),
(493, 1, 77, 2, 1, 1, 78, 4, '2024-01-27 20:29:11', '2024-01-31 20:42:16'),
(494, 2, 77, 2, 1, 2, 78, 1, '2024-01-27 20:29:11', NULL),
(495, 2, 77, 2, 1, 3, 78, 1, '2024-01-27 20:29:12', NULL),
(496, 2, 77, 2, 1, 4, 78, 1, '2024-01-27 20:29:12', NULL),
(497, 2, 77, 2, 1, 5, 78, 1, '2024-01-27 20:29:12', NULL),
(498, 2, 77, 2, 1, 6, 78, 1, '2024-01-27 20:29:13', NULL),
(499, 1, 78, 2, 1, 1, 79, 4, '2024-01-27 21:14:30', '2024-01-31 20:39:21'),
(500, 2, 78, 2, 1, 2, 79, 1, '2024-01-27 21:14:31', NULL),
(501, 2, 78, 2, 1, 3, 79, 1, '2024-01-27 21:14:31', NULL),
(502, 2, 78, 2, 1, 4, 79, 1, '2024-01-27 21:14:31', NULL),
(503, 2, 78, 2, 1, 5, 79, 1, '2024-01-27 21:14:32', NULL),
(504, 2, 78, 2, 1, 6, 79, 1, '2024-01-27 21:14:32', NULL),
(505, 1, 79, 2, 2, 1, 80, 4, '2024-01-31 00:51:57', '2024-01-31 20:49:22'),
(506, 1, 79, 2, 2, 2, 80, 1, '2024-01-31 00:51:57', '2024-01-31 23:43:20'),
(507, 2, 79, 2, 2, 3, 80, 1, '2024-01-31 00:51:58', NULL),
(508, 2, 79, 2, 2, 4, 80, 1, '2024-01-31 00:51:59', NULL),
(509, 2, 79, 2, 2, 5, 80, 1, '2024-01-31 00:51:59', NULL),
(510, 2, 79, 2, 2, 6, 80, 1, '2024-01-31 00:52:00', NULL),
(511, 1, 80, 2, 2, 1, 81, 1, '2024-01-31 22:40:32', NULL),
(512, 1, 80, 2, 2, 2, 81, 1, '2024-01-31 22:40:33', '2024-01-31 23:43:09'),
(513, 2, 80, 2, 2, 3, 81, 1, '2024-01-31 22:40:33', NULL),
(514, 2, 80, 2, 2, 4, 81, 1, '2024-01-31 22:40:34', NULL),
(515, 2, 80, 2, 2, 5, 81, 1, '2024-01-31 22:40:34', NULL),
(516, 2, 80, 2, 2, 6, 81, 1, '2024-01-31 22:40:34', NULL),
(517, 1, 1, 1, 2, 7, 1, 2, '2024-01-31 23:53:55', '2024-02-01 00:01:03'),
(518, 2, 2, 2, 2, 7, 3, 1, '2024-01-31 23:53:55', NULL),
(519, 2, 3, 2, 2, 7, 4, 1, '2024-01-31 23:53:55', NULL),
(520, 2, 4, 2, 2, 7, 5, 1, '2024-01-31 23:53:55', NULL),
(521, 2, 5, 2, 2, 7, 6, 1, '2024-01-31 23:53:55', NULL),
(522, 2, 6, 2, 2, 7, 7, 1, '2024-01-31 23:53:55', NULL),
(523, 2, 7, 2, 2, 7, 8, 1, '2024-01-31 23:53:55', NULL),
(524, 2, 8, 2, 2, 7, 9, 1, '2024-01-31 23:53:55', NULL),
(525, 2, 9, 2, 2, 7, 10, 1, '2024-01-31 23:53:55', NULL),
(526, 2, 10, 2, 2, 7, 11, 1, '2024-01-31 23:53:55', NULL),
(527, 1, 11, 2, 2, 7, 12, 1, '2024-01-31 23:53:55', NULL),
(528, 2, 12, 2, 2, 7, 13, 1, '2024-01-31 23:53:55', NULL),
(529, 2, 13, 2, 2, 7, 14, 1, '2024-01-31 23:53:55', NULL),
(530, 2, 14, 2, 2, 7, 15, 1, '2024-01-31 23:53:55', NULL),
(531, 2, 15, 2, 2, 7, 16, 1, '2024-01-31 23:53:55', NULL),
(532, 2, 16, 2, 2, 7, 17, 1, '2024-01-31 23:53:55', NULL),
(533, 2, 17, 2, 2, 7, 18, 1, '2024-01-31 23:53:55', NULL),
(534, 2, 18, 2, 2, 7, 19, 1, '2024-01-31 23:53:55', NULL),
(535, 2, 19, 2, 2, 7, 20, 1, '2024-01-31 23:53:55', NULL),
(536, 1, 20, 2, 2, 7, 21, 3, '2024-01-31 23:53:55', '2024-02-01 00:07:29'),
(537, 2, 21, 2, 2, 7, 22, 1, '2024-01-31 23:53:55', NULL),
(538, 2, 22, 2, 2, 7, 23, 1, '2024-01-31 23:53:56', NULL),
(539, 2, 23, 2, 2, 7, 24, 1, '2024-01-31 23:53:56', NULL),
(540, 2, 24, 2, 2, 7, 25, 1, '2024-01-31 23:53:56', NULL),
(541, 2, 25, 2, 2, 7, 26, 1, '2024-01-31 23:53:56', NULL),
(542, 2, 26, 2, 2, 7, 27, 1, '2024-01-31 23:53:56', NULL),
(543, 1, 27, 2, 2, 7, 28, 1, '2024-01-31 23:53:56', '2024-02-01 00:04:09'),
(544, 1, 28, 2, 2, 7, 29, 1, '2024-01-31 23:53:56', '2024-02-01 00:05:27'),
(545, 1, 29, 2, 2, 7, 30, 1, '2024-01-31 23:53:56', '2024-02-01 00:05:48'),
(546, 2, 30, 2, 2, 7, 31, 1, '2024-01-31 23:53:56', NULL),
(547, 2, 31, 2, 2, 7, 32, 1, '2024-01-31 23:53:56', NULL),
(548, 2, 32, 2, 2, 7, 33, 1, '2024-01-31 23:53:56', NULL),
(549, 1, 33, 2, 2, 7, 34, 1, '2024-01-31 23:53:56', '2024-02-01 00:04:20'),
(550, 1, 34, 2, 2, 7, 35, 1, '2024-01-31 23:53:56', '2024-02-01 00:05:31'),
(551, 1, 35, 2, 2, 7, 36, 1, '2024-01-31 23:53:56', '2024-02-01 00:04:17'),
(552, 1, 36, 2, 2, 7, 37, 1, '2024-01-31 23:53:56', '2024-02-01 00:50:16'),
(553, 2, 37, 2, 2, 7, 38, 1, '2024-01-31 23:53:56', NULL),
(554, 2, 38, 2, 2, 7, 39, 1, '2024-01-31 23:53:56', NULL),
(555, 2, 39, 2, 2, 7, 40, 1, '2024-01-31 23:53:56', NULL),
(556, 2, 40, 2, 2, 7, 41, 1, '2024-01-31 23:53:56', NULL),
(557, 2, 41, 2, 2, 7, 42, 1, '2024-01-31 23:53:56', NULL),
(558, 2, 42, 2, 2, 7, 43, 1, '2024-01-31 23:53:56', NULL),
(559, 2, 43, 2, 2, 7, 44, 1, '2024-01-31 23:53:56', NULL),
(560, 2, 44, 2, 2, 7, 45, 1, '2024-01-31 23:53:56', NULL),
(561, 2, 45, 2, 2, 7, 46, 1, '2024-01-31 23:53:57', NULL),
(562, 1, 46, 2, 2, 7, 47, 1, '2024-01-31 23:53:57', NULL),
(563, 1, 47, 1, 2, 7, 48, 6, '2024-01-31 23:53:57', '2024-02-01 00:06:28'),
(564, 1, 48, 2, 2, 7, 49, 1, '2024-01-31 23:53:57', NULL),
(565, 1, 49, 2, 2, 7, 50, 1, '2024-01-31 23:53:57', NULL),
(566, 2, 50, 2, 2, 7, 51, 1, '2024-01-31 23:53:57', NULL),
(567, 2, 51, 2, 2, 7, 52, 1, '2024-01-31 23:53:57', NULL),
(568, 2, 52, 2, 2, 7, 53, 1, '2024-01-31 23:53:57', NULL),
(569, 1, 53, 2, 2, 7, 54, 1, '2024-01-31 23:53:57', NULL),
(570, 1, 54, 2, 2, 7, 55, 1, '2024-01-31 23:53:57', NULL),
(571, 2, 55, 2, 2, 7, 56, 1, '2024-01-31 23:53:57', NULL),
(572, 2, 56, 2, 2, 7, 57, 1, '2024-01-31 23:53:57', NULL),
(573, 2, 57, 2, 2, 7, 58, 1, '2024-01-31 23:53:57', NULL),
(574, 2, 58, 2, 2, 7, 59, 1, '2024-01-31 23:53:57', NULL),
(575, 1, 59, 2, 2, 7, 60, 1, '2024-01-31 23:53:57', '2024-02-01 00:04:04'),
(576, 2, 60, 2, 2, 7, 61, 1, '2024-01-31 23:53:57', NULL),
(577, 2, 61, 2, 2, 7, 62, 1, '2024-01-31 23:53:57', NULL),
(578, 2, 62, 2, 2, 7, 63, 1, '2024-01-31 23:53:57', NULL),
(579, 1, 63, 2, 2, 7, 64, 1, '2024-01-31 23:53:57', '2024-02-01 00:04:40'),
(580, 2, 64, 2, 2, 7, 65, 1, '2024-01-31 23:53:57', NULL),
(581, 2, 65, 2, 2, 7, 66, 1, '2024-01-31 23:53:57', NULL),
(582, 2, 66, 2, 2, 7, 67, 1, '2024-01-31 23:53:57', NULL),
(583, 2, 67, 2, 2, 7, 68, 1, '2024-01-31 23:53:57', NULL),
(584, 2, 68, 2, 2, 7, 69, 1, '2024-01-31 23:53:57', NULL),
(585, 2, 69, 2, 2, 7, 70, 1, '2024-01-31 23:53:58', NULL),
(586, 2, 70, 2, 2, 7, 71, 1, '2024-01-31 23:53:58', NULL),
(587, 2, 71, 2, 2, 7, 72, 1, '2024-01-31 23:53:58', NULL),
(588, 2, 72, 2, 2, 7, 73, 1, '2024-01-31 23:53:58', NULL),
(589, 2, 73, 2, 2, 7, 74, 1, '2024-01-31 23:53:58', NULL),
(590, 2, 74, 2, 2, 7, 75, 1, '2024-01-31 23:53:58', NULL),
(591, 2, 75, 2, 2, 7, 76, 1, '2024-01-31 23:53:58', NULL),
(592, 2, 76, 2, 2, 7, 77, 1, '2024-01-31 23:53:58', NULL),
(593, 2, 77, 2, 2, 7, 78, 1, '2024-01-31 23:53:58', NULL),
(594, 2, 78, 2, 2, 7, 79, 1, '2024-01-31 23:53:58', NULL),
(595, 2, 79, 2, 2, 7, 80, 1, '2024-01-31 23:53:58', NULL),
(596, 2, 80, 2, 2, 7, 81, 1, '2024-01-31 23:53:58', NULL),
(677, 1, 81, 1, 1, 1, 82, 17, '2024-02-02 00:51:31', '2024-02-02 01:21:26'),
(678, 2, 81, 2, 2, 2, 82, 1, '2024-02-02 00:51:32', NULL),
(679, 2, 81, 2, 2, 3, 82, 1, '2024-02-02 00:51:32', NULL),
(680, 2, 81, 2, 2, 4, 82, 1, '2024-02-02 00:51:32', NULL),
(681, 2, 81, 2, 2, 5, 82, 1, '2024-02-02 00:51:33', NULL),
(682, 2, 81, 2, 2, 6, 82, 1, '2024-02-02 00:51:33', NULL),
(683, 2, 81, 2, 2, 7, 82, 1, '2024-02-02 00:51:34', NULL),
(684, 1, 82, 1, 1, 1, 83, 17, '2024-02-02 21:13:56', '2024-02-02 21:22:26'),
(685, 2, 82, 2, 2, 2, 83, 1, '2024-02-02 21:13:57', NULL),
(686, 2, 82, 2, 2, 3, 83, 1, '2024-02-02 21:13:57', NULL),
(687, 2, 82, 2, 2, 4, 83, 1, '2024-02-02 21:13:58', NULL),
(688, 2, 82, 2, 2, 5, 83, 1, '2024-02-02 21:13:58', NULL),
(689, 2, 82, 2, 2, 6, 83, 1, '2024-02-02 21:13:58', NULL),
(690, 2, 82, 2, 2, 7, 83, 1, '2024-02-02 21:13:59', NULL),
(691, 1, 83, 2, 2, 1, 84, 1, '2024-02-03 00:01:05', '2024-02-03 00:01:22'),
(692, 2, 83, 2, 2, 2, 84, 1, '2024-02-03 00:01:06', NULL),
(693, 2, 83, 2, 2, 3, 84, 1, '2024-02-03 00:01:06', NULL),
(694, 2, 83, 2, 2, 4, 84, 1, '2024-02-03 00:01:07', NULL),
(695, 2, 83, 2, 2, 5, 84, 1, '2024-02-03 00:01:07', NULL),
(696, 2, 83, 2, 2, 6, 84, 1, '2024-02-03 00:01:08', NULL),
(697, 2, 83, 2, 2, 7, 84, 1, '2024-02-03 00:01:08', NULL);

-- --------------------------------------------------------

--
-- Estrutura da tabela `adms_pages`
--

DROP TABLE IF EXISTS `adms_pages`;
CREATE TABLE IF NOT EXISTS `adms_pages` (
  `id` int NOT NULL AUTO_INCREMENT,
  `controller` varchar(220) CHARACTER SET utf8mb4 COLLATE utf8mb4_general_ci NOT NULL,
  `metodo` varchar(220) CHARACTER SET utf8mb4 COLLATE utf8mb4_general_ci NOT NULL,
  `menu_controller` varchar(220) CHARACTER SET utf8mb4 COLLATE utf8mb4_general_ci NOT NULL,
  `menu_metodo` varchar(220) CHARACTER SET utf8mb4 COLLATE utf8mb4_general_ci NOT NULL,
  `name_page` varchar(220) CHARACTER SET utf8mb4 COLLATE utf8mb4_general_ci NOT NULL,
  `publish` int NOT NULL,
  `icon` varchar(45) CHARACTER SET utf8mb4 COLLATE utf8mb4_general_ci NOT NULL,
  `obs` text CHARACTER SET utf8mb4 COLLATE utf8mb4_general_ci NOT NULL,
  `adms_sits_pgs_id` int NOT NULL,
  `adms_types_pgs_id` int NOT NULL,
  `adms_groups_pgs_id` int NOT NULL,
  `created` datetime NOT NULL,
  `modified` datetime DEFAULT NULL,
  PRIMARY KEY (`id`),
  KEY `adms_groups_pgs_id` (`adms_groups_pgs_id`),
  KEY `adms_types_pgs_id` (`adms_types_pgs_id`),
  KEY `adms_pages_ibfk_2` (`adms_sits_pgs_id`)
) ENGINE=InnoDB AUTO_INCREMENT=85 DEFAULT CHARSET=utf8mb4 COLLATE=utf8mb4_general_ci;

--
-- Extraindo dados da tabela `adms_pages`
--

INSERT INTO `adms_pages` (`id`, `controller`, `metodo`, `menu_controller`, `menu_metodo`, `name_page`, `publish`, `icon`, `obs`, `adms_sits_pgs_id`, `adms_types_pgs_id`, `adms_groups_pgs_id`, `created`, `modified`) VALUES
(1, 'Dashboard', 'index', 'dashboard', 'index', 'Dashboard', 2, 'fa-solid fa-house', '', 1, 1, 8, '2024-01-07 01:15:51', '2024-01-09 00:25:31'),
(3, 'AddAccessLevels', 'index', 'add-access-levels', 'index', 'Cadastrar Nível de Acesso', 2, '', '', 1, 1, 3, '2024-01-11 22:35:46', NULL),
(4, 'AddColors', 'index', 'add-colors', 'index', 'Cadastrar Cores', 2, '', '', 1, 1, 3, '2024-01-11 22:37:32', NULL),
(5, 'AddConfEmails', 'index', 'add-conf-emails', 'index', 'Cadastrar Configurações de Email', 2, '', '', 1, 1, 3, '2024-01-11 22:39:20', '2024-01-11 22:45:16'),
(6, 'AddGroupsPages', 'index', 'add-groups-pages', 'index', 'Cadastrar Grupos de Páginas', 2, '', '', 1, 1, 3, '2024-01-11 22:51:47', NULL),
(7, 'AddPages', 'index', 'add-pages', 'index', 'Cadastrar Páginas', 2, '', '', 1, 1, 3, '2024-01-12 00:58:31', NULL),
(8, 'AddSitsPages', 'index', 'add-sits-pages', 'index', 'Cadastrar Nova Situação de Página', 2, '', '', 1, 1, 3, '2024-01-12 01:01:38', NULL),
(9, 'AddSitsUsers', 'index', 'add-sits-users', 'index', 'Cadastrar Situação do Usuário ', 2, '', '', 1, 1, 3, '2024-01-12 01:09:13', NULL),
(10, 'AddTypesPages', 'index', 'add-types-pgs', 'index', 'Cadastrar Tipos de Página', 2, '', '', 1, 1, 3, '2024-01-12 01:10:54', NULL),
(11, 'menu', 'index', 'add-sits-users', 'index', 'Menu', 2, '', '', 1, 1, 8, '2024-01-12 22:07:50', '2024-01-23 02:23:17'),
(12, 'confEmail', 'index', 'conf-email', 'index', 'Confirmar Email', 1, '', '', 1, 1, 7, '2024-01-12 22:10:53', NULL),
(13, 'DeleteAccessLevels', 'index', 'delete-access-levels', 'index', 'Apagar Nivel de Acesso', 2, '', '', 1, 1, 5, '2024-01-12 22:12:49', NULL),
(14, 'deleteColors', 'index', 'delete-colors', 'index', 'Apagar Cores', 2, '', '', 1, 1, 5, '2024-01-12 22:17:23', NULL),
(15, 'DeleteConfEmails', 'index', 'delete-conf-emails', 'index', 'Apagar Configurações de E-mail', 2, '', '', 1, 1, 5, '2024-01-12 22:19:32', NULL),
(16, 'DeleteGroupsPages', 'index', 'delete-groups-pages', 'index', 'Apagar Grupos de Páginas', 2, '', '', 1, 1, 5, '2024-01-12 23:02:55', NULL),
(17, 'DeletePages', 'index', 'delete-pages', 'index', 'Apagar Páginas', 2, '', '', 1, 1, 5, '2024-01-12 23:04:20', NULL),
(18, 'DeleteSitsPages', 'index', 'delete-sits-pages', 'index', 'Apagar Situações de Páginas', 2, '', '', 1, 1, 5, '2024-01-12 23:05:46', NULL),
(19, 'DeleteSitsUsers', 'index', 'delete-sits-users', 'index', 'Apagar Situações de Usuários', 2, '', '', 1, 1, 5, '2024-01-12 23:07:19', NULL),
(20, 'DeleteTypesPages', 'index', 'delete-types-pages', 'index', 'Apagar Tipos de Páginas', 2, 'fa-regular fa-trash-can', '', 1, 1, 5, '2024-01-12 23:08:20', '2024-01-19 23:58:44'),
(21, 'DeleteUsers', 'index', 'delete-users', 'index', 'Apagar Usuário', 2, '', '', 1, 1, 5, '2024-01-12 23:09:24', '2024-01-18 00:54:11'),
(22, 'EditAccessLevels', 'index', 'edit-access-levels', 'index', 'Editar Nível de Acesso', 2, 'fa-regular fa-pen-to-square', '', 1, 1, 4, '2024-01-12 23:14:23', NULL),
(23, 'EditColors', 'index', 'edit-colors', 'index', 'Editar Cores', 2, 'fa-regular fa-pen-to-square', '', 1, 1, 4, '2024-01-12 23:17:43', NULL),
(24, 'EditConfEmails', 'index', 'edit-conf-emails', 'index', 'Editar Configurações de E-mail', 2, 'fa-regular fa-pen-to-square', '', 1, 1, 4, '2024-01-12 23:19:37', NULL),
(25, 'EditConfEmailsPassword', 'index', 'edit-conf-emails-password', 'index', 'Editar Senha de Configuração de E-mail', 2, 'fa-regular fa-pen-to-square', '', 1, 1, 4, '2024-01-12 23:21:53', NULL),
(26, 'EditGroupsPages', 'index', 'edit-groups-pages', 'index', 'Editar Grupo de Páginas', 2, 'fa-regular fa-pen-to-square', '', 1, 1, 4, '2024-01-12 23:25:06', NULL),
(27, 'EditPages', 'index', 'edit-pages', 'index', 'Editar Páginas', 2, 'fa-regular fa-pen-to-square', '', 1, 1, 4, '2024-01-12 23:51:54', '2024-01-12 23:53:37'),
(28, 'EditProfile', 'index', 'edit-profile', 'index', 'Editar Perfil', 2, 'fa-regular fa-pen-to-square', '', 1, 1, 4, '2024-01-13 00:01:30', NULL),
(29, 'EditProfileImage', 'index', 'edit-profile-image', 'index', 'Editar Imagem do Perfil', 2, 'fa-regular fa-pen-to-square', '', 1, 1, 4, '2024-01-13 00:02:42', NULL),
(30, 'EditProfilePassword', 'index', 'edit-profile-password', 'index', 'Editar Senha do Perfil', 2, 'fa-regular fa-pen-to-square', '', 1, 1, 4, '2024-01-13 00:03:51', '2024-01-18 00:55:00'),
(31, 'EditSitsPages', 'index', 'edit-sits-pages', 'index', 'Editar Situação de Página', 2, 'fa-regular fa-pen-to-square', '', 1, 1, 4, '2024-01-13 00:06:17', '2024-01-13 00:06:47'),
(32, 'EditSitsUsers', 'index', 'edit-sits-users', 'index', 'Editar Situação do Usuário', 2, 'fa-regular fa-pen-to-square', '', 1, 1, 4, '2024-01-13 00:08:46', NULL),
(33, 'EditTypesPages', 'index', 'edit-types-pages', 'index', 'Editar Tipos de Páginas', 2, 'fa-regular fa-pen-to-square', '', 1, 1, 4, '2024-01-13 00:10:23', NULL),
(34, 'EditUsers', 'index', 'edit-users', 'index', 'Editar Usuário', 2, 'fa-regular fa-pen-to-square', '', 1, 1, 4, '2024-01-13 00:15:56', '2024-01-18 02:22:22'),
(35, 'EditUsersImage', 'index', 'edit-users-image', 'index', 'Editar Imagem do Usuário', 2, 'fa-regular fa-pen-to-square', '', 1, 1, 4, '2024-01-13 00:17:11', NULL),
(36, 'EditUsersPassword', 'index', 'edit-users-password', 'index', 'Editar Senha do Usuário', 2, 'fa-regular fa-pen-to-square', '', 1, 1, 4, '2024-01-13 00:18:22', NULL),
(37, 'Erro', 'index', 'erro', 'index', 'Erro', 2, '', '', 1, 1, 8, '2024-01-13 00:19:48', '2024-01-26 00:57:40'),
(38, 'ListAccessLevels', 'index', 'list-access-levels', 'index', 'Níveis de Acesso', 2, 'fa-solid fa-key', '', 1, 1, 1, '2024-01-13 00:25:56', '2024-01-21 01:06:42'),
(39, 'ListColors', 'index', 'list-colors', 'index', 'Cores', 2, 'fa-solid fa-palette', '', 1, 1, 1, '2024-01-13 00:28:51', '2024-01-21 01:05:37'),
(40, 'ListConfEmails', 'index', 'list-conf-emails', 'index', 'Config de E-mail', 2, 'fa-solid fa-envelope', '', 1, 1, 1, '2024-01-13 00:31:33', '2024-01-21 17:01:12'),
(41, 'ListGroupsPages', 'index', 'list-groups-pages', 'index', 'Grupos de Páginas', 2, 'fa-solid fa-file-lines', '', 1, 1, 1, '2024-01-13 00:34:10', '2024-01-21 01:06:18'),
(42, 'ListPages', 'index', 'list-pages', 'index', 'Páginas', 2, 'fa-solid fa-file', '', 1, 1, 1, '2024-01-13 00:36:02', '2024-01-21 01:07:18'),
(43, 'ListSitsPages', 'index', 'list-sits-pages', 'index', 'Situações de Páginas', 2, 'fa-solid fa-file-circle-question', '', 1, 1, 1, '2024-01-13 00:37:55', '2024-01-21 01:08:29'),
(44, 'ListSitsUsers', 'index', 'list-sits-users', 'index', 'Situações do Usuário', 2, 'fa-solid fa-user-check', '', 1, 1, 1, '2024-01-13 00:41:25', '2024-01-21 01:08:54'),
(45, 'ListTypesPages', 'index', 'list-types-pages', 'index', 'Tipos de Páginas', 2, 'fa-solid fa-file', '', 1, 1, 1, '2024-01-13 00:43:14', '2024-01-21 01:09:11'),
(46, 'ListUsers', 'index', 'list-users', 'index', 'Usuários', 2, 'fa-solid fa-users', '', 2, 1, 1, '2024-01-13 00:45:28', '2024-02-02 22:11:12'),
(47, 'Login', 'index', 'login', 'index', 'Login', 1, '', '', 1, 1, 7, '2024-01-13 00:48:00', '2024-01-26 00:57:13'),
(48, 'Logout', 'index', 'logout', 'index', 'Sair', 1, 'fa-solid fa-arrow-right-from-bracket', '', 1, 1, 7, '2024-01-13 00:49:32', '2024-01-22 23:53:20'),
(49, 'NewConfEmail', 'index', 'new-conf-email', 'index', 'Novo Link Para Confirmar E-mail', 1, '', '', 1, 1, 7, '2024-01-13 00:53:16', '2024-01-17 02:17:53'),
(50, 'NewUser', 'index', 'new-user', 'index', 'Novo Usuário', 1, '', '', 1, 1, 3, '2024-01-13 00:55:03', '2024-01-25 03:29:40'),
(51, 'OrderAccessLevels', 'index', 'order-access-levels', 'index', 'Alterar Ordem de Nívels de Acesso', 2, '', '', 1, 1, 7, '2024-01-13 00:57:32', NULL),
(52, 'OrderGroupsPages', 'index', 'order-groups-pages', 'index', 'Alterar Ordem do Grupo de Páginas ', 2, '', '', 1, 1, 6, '2024-01-13 01:04:05', '2024-01-13 01:04:53'),
(53, 'OrderTypesPages', 'index', 'order-types-pages', 'index', 'Alterar Ordem do Tipo de Página', 2, '', '', 1, 1, 6, '2024-01-13 01:06:52', NULL),
(54, 'RecoverPassword', 'index', 'recover-password', 'index', 'Recuperar Senha', 1, '', '', 1, 1, 7, '2024-01-13 01:09:04', '2024-01-13 01:10:59'),
(55, 'UpdatePassword', 'index', 'update-password', 'index', 'Editar Senha', 1, '', '', 1, 1, 7, '2024-01-13 01:10:43', NULL),
(56, 'ViewColors', 'index', 'view-colors', 'index', 'Visualizar Cor', 2, 'fa-regular fa-eye', '', 1, 1, 2, '2024-01-13 01:18:02', NULL),
(57, 'ViewConfEmails', 'index', 'view-conf-emails', 'index', 'Visualizar Configuações de E-mail', 2, 'fa-regular fa-eye', '', 1, 1, 2, '2024-01-13 01:21:47', NULL),
(58, 'ViewGroupsPages', 'index', 'view-groups-pages', 'index', 'Visualizar Grupos de Páginas', 2, 'fa-regular fa-eye', '', 1, 1, 2, '2024-01-13 01:26:41', NULL),
(59, 'ViewPages', 'index', 'view-pages', 'index', 'Visualizar Página', 2, 'fa-regular fa-eye', '', 1, 1, 2, '2024-01-13 01:33:08', NULL),
(60, 'ViewProfile', 'index', 'view-profile', 'index', 'Visualizar Perfil', 2, 'fa-regular fa-eye', '', 1, 1, 2, '2024-01-13 01:35:57', NULL),
(61, 'ViewSitsPages', 'index', 'view-sits-pages', 'index', 'Visualizar Situação da Página', 2, 'fa-regular fa-eye', '', 1, 1, 2, '2024-01-13 01:39:01', NULL),
(62, 'ViewSitsUsers', 'index', 'view-sits-users', 'index', 'Vizualizar Situação do Usuário', 2, 'fa-regular fa-eye', '', 1, 1, 2, '2024-01-13 01:41:11', NULL),
(63, 'ViewTypesPages', 'index', 'view-types-pages', 'index', 'Visualizar Tipos de Páginas', 2, 'fa-regular fa-eye', '', 1, 1, 2, '2024-01-13 01:43:07', NULL),
(64, 'ViewUsers', 'index', 'view-users', 'index', 'Visualizar Usuário', 2, 'fa-regular fa-eye', '', 1, 1, 2, '2024-01-13 01:45:10', NULL),
(65, 'SyncPagesLevels', 'index', 'sync-pages-levels', 'index', 'Sincronizar o Nível de Acesso e a página ', 2, '', '', 1, 1, 8, '2024-01-15 22:51:09', NULL),
(66, 'EditPermission', 'index', 'edit-permission', 'index', 'Editar Permissão', 2, '', '', 1, 1, 4, '2024-01-17 01:42:47', NULL),
(67, 'ListPermission', 'index', 'list-permission', 'index', 'Permissões ', 2, '', '', 1, 1, 1, '2024-01-17 01:46:41', '2024-01-21 01:08:09'),
(68, 'ViewAccessLevels', 'index', 'view-access-levels', 'index', 'Visualizar Nível de Acesso', 2, 'fa-regular fa-eye', '', 1, 1, 2, '2024-01-18 01:35:03', NULL),
(69, 'EditPrintMenu', 'index', 'menu', 'index', 'Ítens do Menu', 2, '', '', 1, 1, 8, '2024-01-19 16:40:40', '2024-01-23 08:24:24'),
(70, 'AddUsers', 'index', 'add-users', 'index', 'Cadastrar Usuário', 2, '', '', 1, 1, 3, '2024-01-19 16:08:58', '2024-01-19 21:48:03'),
(71, 'OrderPageMenu', 'index', 'order-page-menu', 'index', 'Alterar Ordem do Ítem de Menu', 2, 'fa-solid fa-angles-up', '', 1, 1, 6, '2024-01-23 18:04:59', NULL),
(72, 'EditLevelsForms', 'index', 'edit-levels-forms', 'index', 'Editar Conf de Níveis', 2, '', '', 1, 1, 4, '2024-01-26 14:51:59', NULL),
(73, 'ViewLevelsForms', 'index', 'view-levels-forms', 'index', 'Configuração de Nível', 2, 'fa-solid fa-user-gear', '', 1, 1, 8, '2024-01-26 00:32:38', '2024-01-26 00:46:10'),
(74, 'ListItemMenu', 'index', 'list-item-menu', 'index', 'Listar Ítens Menu', 2, 'fa-solid fa-bars', '', 1, 1, 1, '2024-01-27 17:15:44', '2024-01-27 17:27:13'),
(75, 'ViewItemMenu', 'index', 'view-item-menu', 'index', 'Visualizar Ítem Menu', 2, 'fa-regular fa-eye', '', 1, 1, 2, '2024-01-27 19:16:37', NULL),
(76, 'EditItemMenu', 'index', 'edit-item-menu', 'index', 'Editar Ítem Menu', 2, '', '', 1, 1, 4, '2024-01-27 19:37:28', NULL),
(77, 'DeleteItemMenu', 'index', 'delete-item-menu', 'index', 'Deletar Item Menu', 2, 'fa-regular fa-trash-can', '', 1, 1, 5, '2024-01-27 20:01:51', NULL),
(78, 'AddItemMenu', 'index', 'add-item-menu', 'index', 'Cadastrar Ítem Menu', 2, 'fa-solid fa-plus', '', 1, 1, 3, '2024-01-27 20:29:08', NULL),
(79, 'OrderItemMenu', 'index', 'order-item-menu', 'index', 'Alterar Ordem Ítem Menu', 2, 'fa-solid fa-angles-up', '', 1, 1, 6, '2024-01-27 21:14:28', NULL),
(80, 'EditPageMenu', 'index', 'edit-page-menu', 'index', 'Editar Pagina no Menu', 2, 'fa-regular fa-pen-to-square', '', 1, 1, 4, '2024-01-31 00:51:54', NULL),
(81, 'EditDropdownMenu', 'index', 'edit-dropdown-menu', 'index', 'Editar Menu Dropdown', 2, 'fa-regular fa-pen-to-square', '', 1, 1, 4, '2024-01-31 22:40:29', NULL),
(82, 'ListExemple', 'index', 'list-exemple', 'index', 'Pacote Complementar', 2, 'fa-solid fa-box-open', '', 1, 3, 1, '2024-02-02 00:50:57', '2024-02-02 01:43:03'),
(83, 'ListUsersCpms', 'index', 'list-users-cpms', 'index', 'Usuários Cpms ', 2, 'fa-solid fa-users', '', 1, 3, 1, '2024-02-02 21:13:54', '2024-02-02 22:59:20'),
(84, 'GeneratePDF', 'index', 'generate-pdf', 'index', 'Gerar pdf', 2, 'fa-solid fa-file', '', 1, 3, 9, '2024-02-03 00:00:54', '2024-02-03 00:05:06');

-- --------------------------------------------------------

--
-- Estrutura da tabela `adms_sits_pgs`
--

DROP TABLE IF EXISTS `adms_sits_pgs`;
CREATE TABLE IF NOT EXISTS `adms_sits_pgs` (
  `id` int NOT NULL AUTO_INCREMENT,
  `name` varchar(220) CHARACTER SET utf8mb4 COLLATE utf8mb4_general_ci NOT NULL,
  `adms_color_id` int NOT NULL,
  `created` datetime NOT NULL,
  `modified` datetime DEFAULT NULL,
  PRIMARY KEY (`id`),
  KEY `adms_color_id` (`adms_color_id`)
) ENGINE=InnoDB AUTO_INCREMENT=4 DEFAULT CHARSET=utf8mb4 COLLATE=utf8mb4_general_ci;

--
-- Extraindo dados da tabela `adms_sits_pgs`
--

INSERT INTO `adms_sits_pgs` (`id`, `name`, `adms_color_id`, `created`, `modified`) VALUES
(1, 'Ativa', 3, '2024-01-07 01:18:25', NULL),
(2, 'Inativa', 4, '2024-01-07 01:18:25', NULL),
(3, 'Analise', 1, '2024-01-07 01:18:25', NULL);

-- --------------------------------------------------------

--
-- Estrutura da tabela `adms_sits_users`
--

DROP TABLE IF EXISTS `adms_sits_users`;
CREATE TABLE IF NOT EXISTS `adms_sits_users` (
  `id` int NOT NULL AUTO_INCREMENT,
  `name` varchar(44) COLLATE utf8mb4_general_ci NOT NULL,
  `adms_color_id` int NOT NULL,
  `created` datetime NOT NULL,
  `modified` datetime NOT NULL,
  PRIMARY KEY (`id`),
  KEY `adms_color_id` (`adms_color_id`)
) ENGINE=InnoDB AUTO_INCREMENT=6 DEFAULT CHARSET=utf8mb4 COLLATE=utf8mb4_general_ci;

--
-- Extraindo dados da tabela `adms_sits_users`
--

INSERT INTO `adms_sits_users` (`id`, `name`, `adms_color_id`, `created`, `modified`) VALUES
(1, 'Ativo', 3, '2023-11-24 20:47:16', '2023-12-24 13:14:42'),
(2, 'inativo', 4, '2023-12-26 14:27:50', '2023-12-26 14:27:50'),
(3, 'Aguardando Confirmacao', 1, '2023-11-24 20:49:45', '2023-12-24 13:14:42'),
(4, 'span', 4, '2023-12-26 14:56:18', '2023-12-26 14:57:46'),
(5, 'Desativado', 4, '2023-12-26 14:58:04', '2023-12-26 14:58:04');

-- --------------------------------------------------------

--
-- Estrutura da tabela `adms_type_pgs`
--

DROP TABLE IF EXISTS `adms_type_pgs`;
CREATE TABLE IF NOT EXISTS `adms_type_pgs` (
  `id` int NOT NULL AUTO_INCREMENT,
  `type` varchar(45) CHARACTER SET utf8mb4 COLLATE utf8mb4_0900_ai_ci NOT NULL,
  `name` varchar(220) CHARACTER SET utf8mb4 COLLATE utf8mb4_0900_ai_ci NOT NULL,
  `order_type_pg` int NOT NULL,
  `obs` text CHARACTER SET utf8mb4 COLLATE utf8mb4_0900_ai_ci,
  `created` datetime DEFAULT NULL,
  `modified` datetime DEFAULT NULL,
  PRIMARY KEY (`id`)
) ENGINE=InnoDB AUTO_INCREMENT=4 DEFAULT CHARSET=utf8mb4 COLLATE=utf8mb4_general_ci;

--
-- Extraindo dados da tabela `adms_type_pgs`
--

INSERT INTO `adms_type_pgs` (`id`, `type`, `name`, `order_type_pg`, `obs`, `created`, `modified`) VALUES
(1, 'adms', 'Administrativo', 1, NULL, '2024-01-07 01:37:40', '2024-01-11 01:31:16'),
(2, 'sts', 'Administrativo', 2, NULL, '2024-01-07 01:37:40', '2024-01-11 01:31:16'),
(3, 'Cpms', 'Complemento', 3, '', '2024-02-01 23:43:49', NULL);

-- --------------------------------------------------------

--
-- Estrutura da tabela `adms_users`
--

DROP TABLE IF EXISTS `adms_users`;
CREATE TABLE IF NOT EXISTS `adms_users` (
  `id` int NOT NULL AUTO_INCREMENT,
  `name` varchar(220) COLLATE utf8mb4_general_ci NOT NULL,
  `nickname` varchar(44) COLLATE utf8mb4_general_ci DEFAULT NULL,
  `email` varchar(220) COLLATE utf8mb4_general_ci NOT NULL,
  `user` varchar(220) COLLATE utf8mb4_general_ci NOT NULL,
  `password` varchar(220) COLLATE utf8mb4_general_ci NOT NULL,
  `recover_password` varchar(220) COLLATE utf8mb4_general_ci DEFAULT NULL,
  `conf_email` varchar(220) COLLATE utf8mb4_general_ci DEFAULT NULL,
  `image` varchar(220) COLLATE utf8mb4_general_ci DEFAULT NULL,
  `adms_sits_user_id` int NOT NULL DEFAULT '3',
  `adms_access_level_id` int DEFAULT NULL,
  `created` datetime NOT NULL,
  `modified` datetime DEFAULT NULL,
  PRIMARY KEY (`id`),
  KEY `adms_sits_user_id` (`adms_sits_user_id`),
  KEY `adms_access_level_id` (`adms_access_level_id`)
) ENGINE=InnoDB AUTO_INCREMENT=16 DEFAULT CHARSET=utf8mb4 COLLATE=utf8mb4_general_ci;

--
-- Extraindo dados da tabela `adms_users`
--

INSERT INTO `adms_users` (`id`, `name`, `nickname`, `email`, `user`, `password`, `recover_password`, `conf_email`, `image`, `adms_sits_user_id`, `adms_access_level_id`, `created`, `modified`) VALUES
(1, 'Franklin1', 'Franklin1', 'franklin1@email.com', 'franklin1@email.com', '$2y$10$tu4n/wX8wOW5fd2ilwDbIuPCvGJlZN8GVkaWyrW4OSzz/iMb31CE6', NULL, NULL, 'k.png', 1, 1, '2023-11-19 01:10:28', '2024-02-12 15:18:22'),
(2, 'Franklin2', 'Franklin2', 'franklin2@email.com', 'franklin2@email.com', '$2y$10$biOmt2dAUNtSDVYRR1wmgeSC92D5ecCtTBWpoZyfDb8fhjzZ4KVyi', NULL, NULL, NULL, 1, 2, '2023-12-26 14:30:50', '2023-12-26 14:30:08'),
(3, 'Franklin3', 'Franklin3', 'franklin3@email.com', 'franklin3@email.com', '$2y$10$wX47BzqOo294d.kcCJLjeuw6XRQX77OcqnMog4IW.EJ8wgBO58yte', NULL, NULL, 'k.png', 1, 3, '2023-11-19 03:05:51', '2024-01-04 21:42:06'),
(4, 'Franklin4', 'Franklin4', 'franklin4@email.com', 'franklin4@email.com', '$2y$10$DhBSTcOGR4mAC91c4qEOSehOh.q34B7qlLXmzlVKAi4XY8phvpwOS', NULL, NULL, 'k.png', 1, 6, '2023-11-19 03:09:12', '2024-01-21 17:03:42'),
(5, 'Franklin5', 'Franklin5', 'franklin5@email.com', 'franklin5@email.com', '$2y$10$EsVKkVI8GKrR5T3LYv6iV.8MgTI9n43/5RSKObqBRvSpristtiAjq', NULL, NULL, NULL, 1, 4, '2023-12-25 22:40:59', NULL),
(6, 'Franklin6', 'Franklin6', 'franklin6@email.com', 'franklin6@email.com', '$2y$10$zlBg155Q1Boj8Qh.PiH1sOkCwRJDejhoWg8DTcwDdKssRDgAp/d8C', NULL, NULL, 'k.png', 1, 5, '2024-01-01 20:42:46', '2024-01-21 17:04:05'),
(7, 'Franklin7', 'Franklin7', 'franklin7@email.com', 'franklin7@email.com', '$2y$10$2cP9qwivMM06zIZyBEfsguX6SeX2k9JsONlM7BYWYMu6BgR7zxYcO', NULL, NULL, NULL, 1, 7, '2024-01-02 22:43:07', '2024-01-02 23:26:39'),
(8, 'Franklin8', 'Franklin8', 'franklin8@email.com', 'franklin8@email.com', '$2y$10$BHaSFEFfDAsrmiM7kPlBIegoNLUkJdnU.gF0N5VEePyvN3WzGs/bm', NULL, NULL, NULL, 1, 4, '2024-01-04 19:46:39', '2024-01-21 17:04:27'),
(9, 'Franklin9', NULL, 'franklin9@email.com', 'franklin9@email.com', '$2y$10$2AdS1Sr0gUy56Cp5auK5xesi.pafKsD7UfgzEE7nsBaN4gVSHDu1m', NULL, NULL, NULL, 5, 4, '2024-01-04 19:49:02', NULL),
(10, 'Franklin10', 'Franklin10', 'franklin10@email.com', 'franklin10@email.com', '$2y$10$rY4z02LxgebTQveQuzXij..TlkieACdwrMEAeCt1kUjsaOReC47ze', NULL, NULL, NULL, 1, 4, '2024-01-04 19:52:53', '2024-01-21 17:02:41'),
(11, 'Franklin11', NULL, 'franklin11@email.com', 'franklin11@email.com', '$2y$10$Yd8G4ZM0.rGxrJbS6BPiE.agDKCz0euw8Ho7jQ1SLb4M..IDRrfSO', NULL, NULL, NULL, 1, 4, '2024-01-04 20:08:09', NULL),
(12, 'Franklin12', NULL, 'franklin12@email.com', 'franklin12@email.com', '$2y$10$DXrGEKGtfwAglzKMuIrhEe22Pb28Im86qAaLfSGtovrKY0jRkoQia', NULL, NULL, NULL, 1, 4, '2024-01-04 20:38:06', NULL),
(13, 'Franklin13', 'Franklin13', 'franklin13@email.com', 'franklin13@email.com', '$2y$10$al561wdwjN40pTb4.qrjM.MZCfnezRXVNFicDaA097qmL/.g8HZua', NULL, NULL, NULL, 1, 4, '2024-01-04 20:41:56', '2024-01-06 12:28:28'),
(14, 'Franklin14', NULL, 'franklin14@email.com', 'franklin14@email.com', '$2y$10$cDGhmkNwHOkEjJdA653uh.5XVC9CNiQm7/kWtOujhZCgReI2QurVS', NULL, NULL, NULL, 1, 4, '2024-01-25 03:37:22', '2024-01-25 03:37:44'),
(15, 'Franklin15', 'Franklin15', 'Franklin15@email.com', 'Franklin15@email.com', '$2y$10$OtIqMKLWJuryTU/y74Sor.RyZoya06JAiwZg8O8mNungs6XclO74e', NULL, NULL, NULL, 1, 5, '2024-01-27 00:33:34', '2024-01-27 00:49:39');

--
-- Restrições para despejos de tabelas
--

--
-- Limitadores para a tabela `adms_levels_forms`
--
ALTER TABLE `adms_levels_forms`
  ADD CONSTRAINT `adms_levels_forms_ibfk_1` FOREIGN KEY (`adms_access_level_id`) REFERENCES `adms_access_levels` (`id`) ON DELETE RESTRICT ON UPDATE RESTRICT,
  ADD CONSTRAINT `adms_levels_forms_ibfk_2` FOREIGN KEY (`adms_sits_user_id`) REFERENCES `adms_sits_users` (`id`) ON DELETE RESTRICT ON UPDATE RESTRICT;

--
-- Limitadores para a tabela `adms_levels_pages`
--
ALTER TABLE `adms_levels_pages`
  ADD CONSTRAINT `adms_levels_pages_ibfk_1` FOREIGN KEY (`adms_access_level_id`) REFERENCES `adms_access_levels` (`id`) ON DELETE CASCADE ON UPDATE CASCADE,
  ADD CONSTRAINT `adms_levels_pages_ibfk_2` FOREIGN KEY (`adms_page_id`) REFERENCES `adms_pages` (`id`) ON DELETE CASCADE ON UPDATE CASCADE,
  ADD CONSTRAINT `adms_levels_pages_ibfk_3` FOREIGN KEY (`adms_items_menu_id`) REFERENCES `adms_items_menus` (`id`) ON DELETE CASCADE ON UPDATE CASCADE;

--
-- Limitadores para a tabela `adms_pages`
--
ALTER TABLE `adms_pages`
  ADD CONSTRAINT `adms_pages_ibfk_1` FOREIGN KEY (`adms_groups_pgs_id`) REFERENCES `adms_groups_pgs` (`id`),
  ADD CONSTRAINT `adms_pages_ibfk_2` FOREIGN KEY (`adms_sits_pgs_id`) REFERENCES `adms_sits_pgs` (`id`) ON DELETE RESTRICT ON UPDATE RESTRICT,
  ADD CONSTRAINT `adms_pages_ibfk_3` FOREIGN KEY (`adms_types_pgs_id`) REFERENCES `adms_type_pgs` (`id`);

--
-- Limitadores para a tabela `adms_sits_pgs`
--
ALTER TABLE `adms_sits_pgs`
  ADD CONSTRAINT `adms_sits_pgs_ibfk_1` FOREIGN KEY (`adms_color_id`) REFERENCES `adms_color` (`id`);

--
-- Limitadores para a tabela `adms_sits_users`
--
ALTER TABLE `adms_sits_users`
  ADD CONSTRAINT `adms_sits_users_ibfk_1` FOREIGN KEY (`adms_color_id`) REFERENCES `adms_color` (`id`);

--
-- Limitadores para a tabela `adms_users`
--
ALTER TABLE `adms_users`
  ADD CONSTRAINT `adms_users_ibfk_1` FOREIGN KEY (`adms_sits_user_id`) REFERENCES `adms_sits_users` (`id`),
  ADD CONSTRAINT `adms_users_ibfk_2` FOREIGN KEY (`adms_access_level_id`) REFERENCES `adms_access_levels` (`id`) ON UPDATE RESTRICT;
COMMIT;

/*!40101 SET CHARACTER_SET_CLIENT=@OLD_CHARACTER_SET_CLIENT */;
/*!40101 SET CHARACTER_SET_RESULTS=@OLD_CHARACTER_SET_RESULTS */;
/*!40101 SET COLLATION_CONNECTION=@OLD_COLLATION_CONNECTION */;
